SET session_replication_role = replica;

--
-- PostgreSQL database dump
--

-- \restrict 0pTvOT9cgxSsrctenL5utMleFXISWc3zE8rjTtl1g2JeC2ggBK0Q8bZoGVgz4Zy

-- Dumped from database version 17.4
-- Dumped by pg_dump version 17.6

SET statement_timeout = 0;
SET lock_timeout = 0;
SET idle_in_transaction_session_timeout = 0;
SET transaction_timeout = 0;
SET client_encoding = 'UTF8';
SET standard_conforming_strings = on;
SELECT pg_catalog.set_config('search_path', '', false);
SET check_function_bodies = false;
SET xmloption = content;
SET client_min_messages = warning;
SET row_security = off;

--
-- Data for Name: teams; Type: TABLE DATA; Schema: public; Owner: postgres
--

INSERT INTO "public"."teams" ("id", "name", "updated_at", "created_at", "deleted_at", "stripe_customer_id", "stripe_subscription_id", "stripe_product_id", "plan_name", "subscription_status", "max_file_storage_size", "current_file_storage_size", "slug", "metadata", "whatsapp_limit") VALUES
	('09478757-a229-4209-91a7-4d7a8c3202f1', 'ryan@ingenious.ae''s Team', NULL, '2025-06-15 19:26:20.163938', NULL, NULL, NULL, NULL, NULL, NULL, NULL, NULL, '5af83d73-67b2-45c9-9c8b-41c20f282c4c', '{"personal": true}', 1000),
	('b4a4d8ea-d104-4ff5-8be6-e2af8bd29dc0', 'admin@test.com''s Team', NULL, '2025-06-26 07:20:03.452932', NULL, NULL, NULL, NULL, NULL, NULL, 2147483648, 0, 'e2589b20-b884-4379-806b-bc49309561c0', '{"personal": true}', 1000),
	('dd6d3514-4f70-4b66-9c2a-76785d72066a', 'admin@ingenious.ae''s Team', NULL, '2025-06-18 12:16:12.892194', NULL, NULL, NULL, NULL, NULL, NULL, NULL, NULL, '44b57acf-bc18-4dcd-a1dc-e73a2dbefca9', '{"personal": true}', 1000),
	('f89e95e0-e317-4e7b-a319-7b4755c6bb75', 'Test Team', NULL, '2025-06-15 09:21:27.939492', NULL, NULL, NULL, NULL, NULL, NULL, NULL, NULL, 'f9de8a5a-8933-42f9-9561-020d9346a3c4', '{"personal": true}', 1000);


--
-- Data for Name: users; Type: TABLE DATA; Schema: public; Owner: postgres
--

INSERT INTO "public"."users" ("id", "name", "updated_at", "created_at", "deleted_at", "role", "email", "password_hash", "email_verified", "image") VALUES
	('f9de8a5a-8933-42f9-9561-020d9346a3c4', NULL, NULL, '2025-06-15 09:21:27.931122', NULL, 'owner', 'test@test.com', '$2b$10$3KhssqWJ95wOkO8BJhE58uduHxBBt/b8kouSc3oL.Z4x8iOxfYvMy', NULL, NULL),
	('5af83d73-67b2-45c9-9c8b-41c20f282c4c', NULL, NULL, '2025-06-15 19:26:20.11708', NULL, 'owner', 'ryan@ingenious.ae', '$2b$10$k28rs0wWYGzuUG6CGwos8ub6EWXlgnO3eO8Bw4DMXG.CJXkyvNTsS', NULL, NULL),
	('44b57acf-bc18-4dcd-a1dc-e73a2dbefca9', NULL, NULL, '2025-06-18 12:16:12.837562', NULL, 'owner', 'admin@ingenious.ae', '$2b$10$CwW4pV727MbtNAysHlQRBu.ncGmze9dIbtUopQgplTdkSXHmEsu/W', NULL, NULL),
	('e2589b20-b884-4379-806b-bc49309561c0', NULL, NULL, '2025-06-26 07:20:03.443518', NULL, 'owner', 'admin@test.com', '$2b$10$SX0aIoIblkmv.HwMEyRAger4vH4ncSV.gugex7oOpalJ6xxX/vSh2', NULL, NULL);


--
-- Data for Name: activity_logs; Type: TABLE DATA; Schema: public; Owner: postgres
--

INSERT INTO "public"."activity_logs" ("id", "team_id", "user_id", "action", "timestamp", "ip_address") VALUES
	('44d092ee-aa37-4dcc-9322-7ffa8407dce5', 'f89e95e0-e317-4e7b-a319-7b4755c6bb75', 'f9de8a5a-8933-42f9-9561-020d9346a3c4', 'SIGN_IN', '2025-06-15 10:04:51.689393', ''),
	('43aade4f-bbee-4297-98ca-be9c845854b5', '09478757-a229-4209-91a7-4d7a8c3202f1', '5af83d73-67b2-45c9-9c8b-41c20f282c4c', 'CREATE_TEAM', '2025-06-15 19:26:20.175861', ''),
	('9d1b489b-2cf6-4299-8336-db9a75fc88ef', '09478757-a229-4209-91a7-4d7a8c3202f1', '5af83d73-67b2-45c9-9c8b-41c20f282c4c', 'SIGN_UP', '2025-06-15 19:26:20.21321', ''),
	('1a71c6a8-9141-4b34-ad87-d36a5c21f01e', 'f89e95e0-e317-4e7b-a319-7b4755c6bb75', 'f9de8a5a-8933-42f9-9561-020d9346a3c4', 'SIGN_IN', '2025-06-17 09:53:37.41247', ''),
	('dd500f33-3a60-4c35-9674-676ad1cf7a01', 'f89e95e0-e317-4e7b-a319-7b4755c6bb75', 'f9de8a5a-8933-42f9-9561-020d9346a3c4', 'SIGN_IN', '2025-06-17 12:05:17.967733', ''),
	('4724951b-c937-4ef2-9057-0d97bdb5c55f', 'f89e95e0-e317-4e7b-a319-7b4755c6bb75', 'f9de8a5a-8933-42f9-9561-020d9346a3c4', 'SIGN_IN', '2025-06-18 06:49:58.34816', ''),
	('e3e3f36b-fb61-4355-8658-b79a2a13a61c', 'f89e95e0-e317-4e7b-a319-7b4755c6bb75', 'f9de8a5a-8933-42f9-9561-020d9346a3c4', 'SIGN_OUT', '2025-06-18 06:50:01.797156', ''),
	('60c3c895-1b37-48a6-8b0d-0cdf8e138183', 'f89e95e0-e317-4e7b-a319-7b4755c6bb75', 'f9de8a5a-8933-42f9-9561-020d9346a3c4', 'SIGN_IN', '2025-06-18 06:52:53.675664', ''),
	('62fae74e-8885-4c2e-af6f-e693772fa302', 'f89e95e0-e317-4e7b-a319-7b4755c6bb75', 'f9de8a5a-8933-42f9-9561-020d9346a3c4', 'SIGN_OUT', '2025-06-18 06:56:02.204636', ''),
	('3ba782ed-b5e8-4cd2-884c-5615e60e9672', 'f89e95e0-e317-4e7b-a319-7b4755c6bb75', 'f9de8a5a-8933-42f9-9561-020d9346a3c4', 'SIGN_IN', '2025-06-18 10:06:58.86391', ''),
	('065a4094-56cb-46b5-88a9-2578556a15ad', 'f89e95e0-e317-4e7b-a319-7b4755c6bb75', 'f9de8a5a-8933-42f9-9561-020d9346a3c4', 'SIGN_IN', '2025-06-18 11:04:27.26629', ''),
	('ef53997b-82b8-4b22-9ded-c7cf796449a0', 'f89e95e0-e317-4e7b-a319-7b4755c6bb75', 'f9de8a5a-8933-42f9-9561-020d9346a3c4', 'SIGN_IN', '2025-06-18 11:06:27.677515', ''),
	('5630dda2-3f9a-46fa-8ae4-2de60dfbdebc', 'f89e95e0-e317-4e7b-a319-7b4755c6bb75', 'f9de8a5a-8933-42f9-9561-020d9346a3c4', 'SIGN_IN', '2025-06-18 11:06:40.198363', ''),
	('0dbdd12c-1613-44b1-96a9-55598d798884', 'f89e95e0-e317-4e7b-a319-7b4755c6bb75', 'f9de8a5a-8933-42f9-9561-020d9346a3c4', 'SIGN_OUT', '2025-06-18 11:10:49.341871', ''),
	('0a0d12a4-aa1f-4106-a19a-854612029fcc', '09478757-a229-4209-91a7-4d7a8c3202f1', '5af83d73-67b2-45c9-9c8b-41c20f282c4c', 'SIGN_IN', '2025-06-18 11:12:20.279351', ''),
	('0b656b1f-6f85-4505-b4fe-feea7936a7b8', 'f89e95e0-e317-4e7b-a319-7b4755c6bb75', 'f9de8a5a-8933-42f9-9561-020d9346a3c4', 'SIGN_OUT', '2025-06-18 11:13:17.391079', ''),
	('3211a7e2-0afe-4451-85cf-3cd32883ac9b', '09478757-a229-4209-91a7-4d7a8c3202f1', '5af83d73-67b2-45c9-9c8b-41c20f282c4c', 'SIGN_IN', '2025-06-18 11:13:28.573567', ''),
	('652b7806-8065-4f5b-93fa-04eb9d86a80f', '09478757-a229-4209-91a7-4d7a8c3202f1', '5af83d73-67b2-45c9-9c8b-41c20f282c4c', 'SIGN_OUT', '2025-06-18 11:31:24.252836', ''),
	('57601aac-8a02-4b32-a8b9-16d46e837633', '09478757-a229-4209-91a7-4d7a8c3202f1', '5af83d73-67b2-45c9-9c8b-41c20f282c4c', 'SIGN_IN', '2025-06-18 11:31:33.904049', ''),
	('3c0664c2-e189-4388-acd2-931479eb2c0a', '09478757-a229-4209-91a7-4d7a8c3202f1', '5af83d73-67b2-45c9-9c8b-41c20f282c4c', 'SIGN_IN', '2025-06-18 11:35:02.617945', ''),
	('5d153901-6cac-4b94-a3b2-a7c475639d28', '09478757-a229-4209-91a7-4d7a8c3202f1', '5af83d73-67b2-45c9-9c8b-41c20f282c4c', 'SIGN_OUT', '2025-06-18 12:13:35.229675', ''),
	('502854c3-a64b-4dc5-b071-5af5f6e65b27', 'f89e95e0-e317-4e7b-a319-7b4755c6bb75', 'f9de8a5a-8933-42f9-9561-020d9346a3c4', 'SIGN_IN', '2025-06-18 12:13:41.41765', ''),
	('0a672526-2b0d-4309-bc22-8a49e686c3aa', 'f89e95e0-e317-4e7b-a319-7b4755c6bb75', 'f9de8a5a-8933-42f9-9561-020d9346a3c4', 'SIGN_OUT', '2025-06-18 12:15:55.614871', ''),
	('28b79198-0106-47f4-a39d-7fa4b2e97c9c', 'dd6d3514-4f70-4b66-9c2a-76785d72066a', '44b57acf-bc18-4dcd-a1dc-e73a2dbefca9', 'CREATE_TEAM', '2025-06-18 12:16:12.912248', ''),
	('1d275a66-09f3-4746-be93-ee083d75eeac', 'dd6d3514-4f70-4b66-9c2a-76785d72066a', '44b57acf-bc18-4dcd-a1dc-e73a2dbefca9', 'SIGN_UP', '2025-06-18 12:16:12.947391', ''),
	('fdf030ee-6784-4ea3-af8c-c1bd26a2f73b', 'f89e95e0-e317-4e7b-a319-7b4755c6bb75', 'f9de8a5a-8933-42f9-9561-020d9346a3c4', 'SIGN_OUT', '2025-06-18 12:48:40.701742', ''),
	('77465ec7-273f-4da8-ba4c-114fe826928e', 'f89e95e0-e317-4e7b-a319-7b4755c6bb75', 'f9de8a5a-8933-42f9-9561-020d9346a3c4', 'SIGN_IN', '2025-06-18 12:48:52.457918', ''),
	('128efc26-0aea-4d11-91ad-a319a01a29f2', 'dd6d3514-4f70-4b66-9c2a-76785d72066a', '44b57acf-bc18-4dcd-a1dc-e73a2dbefca9', 'SIGN_IN', '2025-06-18 12:49:17.503123', ''),
	('e4a38a7c-abd6-4a8c-8946-1e1a5edbdb69', 'f89e95e0-e317-4e7b-a319-7b4755c6bb75', 'f9de8a5a-8933-42f9-9561-020d9346a3c4', 'SIGN_IN', '2025-06-21 18:10:06.18912', ''),
	('f0b3b740-091b-42f0-8a65-226e66968fa7', '09478757-a229-4209-91a7-4d7a8c3202f1', '5af83d73-67b2-45c9-9c8b-41c20f282c4c', 'SIGN_IN', '2025-06-23 11:40:47.547828', ''),
	('58a1376f-a9ae-4bf0-9b2a-55f5c674f8f2', 'f89e95e0-e317-4e7b-a319-7b4755c6bb75', 'f9de8a5a-8933-42f9-9561-020d9346a3c4', 'SIGN_IN', '2025-06-24 07:21:03.480734', ''),
	('80b6d68c-bd27-4079-a422-0b67323f3ca2', 'f89e95e0-e317-4e7b-a319-7b4755c6bb75', 'f9de8a5a-8933-42f9-9561-020d9346a3c4', 'SIGN_OUT', '2025-06-26 07:18:14.056188', ''),
	('22549f6d-5ce8-4212-afd8-85ad958defda', '09478757-a229-4209-91a7-4d7a8c3202f1', '5af83d73-67b2-45c9-9c8b-41c20f282c4c', 'SIGN_IN', '2025-06-26 07:19:13.655565', ''),
	('71843061-99a8-48c9-9945-6cd03f0cb391', '09478757-a229-4209-91a7-4d7a8c3202f1', '5af83d73-67b2-45c9-9c8b-41c20f282c4c', 'SIGN_OUT', '2025-06-26 07:19:47.094019', ''),
	('60d028ce-850b-47ce-94ec-828c17c2c7c2', 'b4a4d8ea-d104-4ff5-8be6-e2af8bd29dc0', 'e2589b20-b884-4379-806b-bc49309561c0', 'CREATE_TEAM', '2025-06-26 07:20:03.457244', ''),
	('c83d3a43-801c-47ff-830e-ba52998852b3', 'b4a4d8ea-d104-4ff5-8be6-e2af8bd29dc0', 'e2589b20-b884-4379-806b-bc49309561c0', 'SIGN_UP', '2025-06-26 07:20:03.46799', ''),
	('b293bcdd-85e3-4bf8-b965-8124b902a1a7', 'b4a4d8ea-d104-4ff5-8be6-e2af8bd29dc0', 'e2589b20-b884-4379-806b-bc49309561c0', 'SIGN_OUT', '2025-06-26 07:21:23.007908', ''),
	('6f043e41-23ca-4930-9e2c-801f09c24cee', 'dd6d3514-4f70-4b66-9c2a-76785d72066a', '44b57acf-bc18-4dcd-a1dc-e73a2dbefca9', 'SIGN_IN', '2025-06-26 07:21:32.975706', ''),
	('efb7a934-e7d8-4ecd-bd4c-9b0644c8d680', '09478757-a229-4209-91a7-4d7a8c3202f1', '5af83d73-67b2-45c9-9c8b-41c20f282c4c', 'SIGN_IN', '2025-06-30 05:34:30.141549', ''),
	('5a3388ba-9181-4417-8df5-85d49d8598f3', '09478757-a229-4209-91a7-4d7a8c3202f1', '5af83d73-67b2-45c9-9c8b-41c20f282c4c', 'SIGN_OUT', '2025-06-30 05:34:36.567787', ''),
	('7a6f7cee-6f75-4287-abb7-0b4c1de31833', 'dd6d3514-4f70-4b66-9c2a-76785d72066a', '44b57acf-bc18-4dcd-a1dc-e73a2dbefca9', 'SIGN_IN', '2025-06-30 05:34:46.616234', ''),
	('ea1cc6e9-0035-42e9-9e0b-c38f275a661a', 'dd6d3514-4f70-4b66-9c2a-76785d72066a', '44b57acf-bc18-4dcd-a1dc-e73a2dbefca9', 'SIGN_IN', '2025-07-01 05:39:29.109714', ''),
	('86ef57c5-5fe1-4965-aba6-a20892f09d50', 'dd6d3514-4f70-4b66-9c2a-76785d72066a', '44b57acf-bc18-4dcd-a1dc-e73a2dbefca9', 'SIGN_OUT', '2025-07-02 08:06:46.880891', ''),
	('3b4c94b4-f13a-4e1f-91fe-93b7dc770ab0', 'f89e95e0-e317-4e7b-a319-7b4755c6bb75', 'f9de8a5a-8933-42f9-9561-020d9346a3c4', 'SIGN_IN', '2025-07-02 08:06:56.248734', ''),
	('32b20fd0-891b-4f8a-8f8c-fc5ee05c9278', 'f89e95e0-e317-4e7b-a319-7b4755c6bb75', 'f9de8a5a-8933-42f9-9561-020d9346a3c4', 'SIGN_OUT', '2025-07-02 08:07:25.913384', ''),
	('01b49893-f0c5-4e6b-9a73-904bd07f96ea', 'dd6d3514-4f70-4b66-9c2a-76785d72066a', '44b57acf-bc18-4dcd-a1dc-e73a2dbefca9', 'SIGN_IN', '2025-07-07 10:54:40.402921', ''),
	('9f6b4834-14fb-44eb-8b7e-66186320162e', 'dd6d3514-4f70-4b66-9c2a-76785d72066a', '44b57acf-bc18-4dcd-a1dc-e73a2dbefca9', 'SIGN_IN', '2025-07-07 11:11:25.10506', ''),
	('28254d88-bf54-4b69-907f-16c074d7f368', 'dd6d3514-4f70-4b66-9c2a-76785d72066a', '44b57acf-bc18-4dcd-a1dc-e73a2dbefca9', 'SIGN_IN', '2025-07-07 11:14:38.198077', ''),
	('0febc715-130e-448d-b064-304782266d53', '09478757-a229-4209-91a7-4d7a8c3202f1', '5af83d73-67b2-45c9-9c8b-41c20f282c4c', 'SIGN_IN', '2025-07-08 07:15:31.578924', ''),
	('70ff6d73-bd10-4636-b27d-759369b33325', 'dd6d3514-4f70-4b66-9c2a-76785d72066a', '44b57acf-bc18-4dcd-a1dc-e73a2dbefca9', 'SIGN_OUT', '2025-07-08 08:18:15.907385', ''),
	('8ea924ad-cc79-46a5-a609-aadfb0281212', 'dd6d3514-4f70-4b66-9c2a-76785d72066a', '44b57acf-bc18-4dcd-a1dc-e73a2dbefca9', 'SIGN_IN', '2025-07-08 08:22:15.248722', ''),
	('92dcf564-b624-4655-ad9d-51bbbcb8b82c', 'dd6d3514-4f70-4b66-9c2a-76785d72066a', '44b57acf-bc18-4dcd-a1dc-e73a2dbefca9', 'SIGN_OUT', '2025-07-08 08:29:34.031728', ''),
	('3142fe31-23e2-417c-93d9-ee9557d46332', 'dd6d3514-4f70-4b66-9c2a-76785d72066a', '44b57acf-bc18-4dcd-a1dc-e73a2dbefca9', 'SIGN_IN', '2025-07-08 08:29:40.675782', ''),
	('34b301c6-897e-4c57-96ab-20e59d82ad34', 'dd6d3514-4f70-4b66-9c2a-76785d72066a', '44b57acf-bc18-4dcd-a1dc-e73a2dbefca9', 'SIGN_OUT', '2025-07-08 11:04:39.427112', ''),
	('ab809e7e-7a33-4950-968b-9bf3b00fa6e9', '09478757-a229-4209-91a7-4d7a8c3202f1', '5af83d73-67b2-45c9-9c8b-41c20f282c4c', 'SIGN_IN', '2025-07-08 11:05:04.831556', ''),
	('bf317e7a-a801-4ea7-b337-f4e68a8ca4c9', 'dd6d3514-4f70-4b66-9c2a-76785d72066a', '44b57acf-bc18-4dcd-a1dc-e73a2dbefca9', 'SIGN_IN', '2025-07-14 05:24:21.352887', ''),
	('8f055d4d-3de0-451a-9f28-90867dbeeb94', 'dd6d3514-4f70-4b66-9c2a-76785d72066a', '44b57acf-bc18-4dcd-a1dc-e73a2dbefca9', 'SIGN_IN', '2025-07-15 07:00:44.08153', ''),
	('650dae4b-c8ef-4033-9d2d-c33f2286d60c', 'dd6d3514-4f70-4b66-9c2a-76785d72066a', '44b57acf-bc18-4dcd-a1dc-e73a2dbefca9', 'SIGN_IN', '2025-07-17 06:23:49.597868', ''),
	('b863e6ea-9c3a-4cb6-8e80-8b524085bf46', 'dd6d3514-4f70-4b66-9c2a-76785d72066a', '44b57acf-bc18-4dcd-a1dc-e73a2dbefca9', 'SIGN_IN', '2025-07-21 05:24:00.776843', ''),
	('58983d70-f4a3-4ffc-861c-4272166c70cf', 'dd6d3514-4f70-4b66-9c2a-76785d72066a', '44b57acf-bc18-4dcd-a1dc-e73a2dbefca9', 'SIGN_IN', '2025-07-22 10:35:38.355603', ''),
	('a4cd0a99-e838-4fc7-967e-262ad0caf1cf', 'dd6d3514-4f70-4b66-9c2a-76785d72066a', '44b57acf-bc18-4dcd-a1dc-e73a2dbefca9', 'SIGN_IN', '2025-07-22 10:35:38.35872', ''),
	('1446877b-cf04-4512-b55c-b9941ae4e4c2', 'dd6d3514-4f70-4b66-9c2a-76785d72066a', '44b57acf-bc18-4dcd-a1dc-e73a2dbefca9', 'SIGN_IN', '2025-07-22 10:35:38.359438', ''),
	('dace3558-6614-45d6-8df0-c63f3f44383b', 'dd6d3514-4f70-4b66-9c2a-76785d72066a', '44b57acf-bc18-4dcd-a1dc-e73a2dbefca9', 'SIGN_IN', '2025-07-22 10:35:38.356458', ''),
	('413207e9-d006-48dc-82f6-9bd3229103fc', 'dd6d3514-4f70-4b66-9c2a-76785d72066a', '44b57acf-bc18-4dcd-a1dc-e73a2dbefca9', 'SIGN_IN', '2025-07-24 05:22:25.951809', ''),
	('e3eb5ad5-ae23-41d6-8457-cbd9dd61a806', 'dd6d3514-4f70-4b66-9c2a-76785d72066a', '44b57acf-bc18-4dcd-a1dc-e73a2dbefca9', 'SIGN_IN', '2025-07-25 06:40:31.595244', ''),
	('75dabca4-eaf0-4be6-95af-8f71273c55c0', 'dd6d3514-4f70-4b66-9c2a-76785d72066a', '44b57acf-bc18-4dcd-a1dc-e73a2dbefca9', 'SIGN_IN', '2025-07-28 05:16:37.235981', '');


--
-- Data for Name: contacts; Type: TABLE DATA; Schema: public; Owner: postgres
--

INSERT INTO "public"."contacts" ("id", "name", "updated_at", "created_at", "deleted_at", "phone", "email", "interests", "message", "opt_in", "assigned_to", "tags", "team_id", "last_message_date") VALUES
	('218b85e7-666a-486c-ab5a-04f1ca8d663d', 'Patty Goyette', '2025-06-14 11:21:06.544', '2025-04-26 02:57:13.608', NULL, '15263205077', 'demo-Joannie.Gibson@yahoo.com', '[]', 'Studio laboriosam pauper numquam. Suus delicate aro facere desipio sunt. Deripio tero cursus tribuo absorbeo commemoro arceo tabella absque curto.', true, NULL, '["follow-up", "prospect"]', 'f89e95e0-e317-4e7b-a319-7b4755c6bb75', NULL),
	('66906b74-5f41-4c84-8d09-30f7b1316d84', 'Sharukh Ing', NULL, '2025-08-19 06:02:56.684982', NULL, '971522108018', '', '[]', '', true, NULL, '[]', 'dd6d3514-4f70-4b66-9c2a-76785d72066a', NULL),
	('6b494638-b411-4b1e-a504-55e78050a0ae', '', NULL, '2025-06-26 12:32:27.59042', NULL, '971585540015', '', '[]', '', true, NULL, '[]', 'dd6d3514-4f70-4b66-9c2a-76785d72066a', NULL),
	('f65b3e64-3ceb-4338-9e8b-0304a13964eb', '', NULL, '2025-07-25 07:03:07.707991', NULL, '97155515405', '', '[]', '', true, NULL, '[]', 'dd6d3514-4f70-4b66-9c2a-76785d72066a', NULL),
	('fd6c07df-adf9-4ed0-8160-1329d18206ce', 'Miss Ada Cormier', '2025-05-30 20:07:03.566', '2025-03-22 23:03:19.372', NULL, '15929405577', 'demo-Orville.Botsford44@gmail.com', '[]', 'Suus coma acsi sufficio verecundia quis saepe dignissimos aggredior tyrannus. Tremo adsuesco sol. Desparatus sumptus adhuc occaecati substantia thermae suscipio impedit tyrannus adulatio.', true, NULL, '["vip"]', 'f89e95e0-e317-4e7b-a319-7b4755c6bb75', NULL),
	('f1763bf2-113c-4626-912d-1febb3059aa0', 'Lamar Heathcote-Mertz', '2025-06-05 23:08:35.268', '2024-07-19 07:04:37.846', NULL, '17435154867', 'demo-Jaren_Tremblay37@yahoo.com', '["photography", "reading"]', 'Nostrum conventus trepide stella. In thymum collum vitium trucido depulso complectus dedecor.', true, NULL, '["follow-up", "important", "new", "newsletter", "prospect", "vip"]', 'f89e95e0-e317-4e7b-a319-7b4755c6bb75', NULL),
	('1bbbe073-ad5c-4842-8eef-edb270e9c9f6', 'Mrs. May Rice Sr.', '2025-05-31 21:12:44.407', '2025-01-20 00:14:02.363', NULL, '14798292512', 'demo-Leonard_Mertz@hotmail.com', '["travel", "sports"]', 'Subito audax clementia. Verbum ante convoco. Eius crepusculum tabula desparatus.', true, NULL, '["follow-up", "new", "newsletter", "prospect", "vip"]', 'f89e95e0-e317-4e7b-a319-7b4755c6bb75', NULL),
	('00cb85d2-cf90-4b9d-aae2-d9019f1c69b0', 'Malcolm Pollich', '2025-05-24 05:50:40.99', '2025-02-01 21:23:01.645', NULL, '15077602707', 'demo-Lorenzo.Larson@yahoo.com', '["art", "travel"]', 'Animi aliqua appono creo absum.', true, NULL, NULL, 'f89e95e0-e317-4e7b-a319-7b4755c6bb75', NULL),
	('5755f657-8c45-46eb-a21d-f611ab546385', 'Loretta Weissnat', '2025-05-31 05:19:46.669', '2024-11-11 14:41:24.315', NULL, '14249398893', 'demo-Orlo87@gmail.com', '["music", "photography", "sports"]', 'Sollers collum villa addo itaque. Animadverto venustas truculenter suffoco stips theatrum comparo. Cibus attollo utor sursum tribuo virgo vel.', true, NULL, '["follow-up", "important", "newsletter", "vip"]', 'f89e95e0-e317-4e7b-a319-7b4755c6bb75', NULL),
	('9ed7c4ab-f884-460b-b18d-db5f2e8a5925', 'Ella Ullrich', '2025-05-16 14:35:47.947', '2024-11-10 03:16:14.507', NULL, '16145202005', 'demo-Devonte34@gmail.com', '["reading", "art", "sports", "music", "travel"]', 'Depopulo apud perferendis quis tenax versus vulgo. Nemo umquam coniuratio barba ascit calculus suus aliquam.', true, NULL, '["prospect"]', 'f89e95e0-e317-4e7b-a319-7b4755c6bb75', NULL),
	('ba757dd1-5fa5-4476-aba9-6d32ba59b918', 'Melba Kilback', '2025-05-25 09:18:11.156', '2025-02-08 22:32:01.353', NULL, '15188533619', 'demo-Miles_Franecki@hotmail.com', '[]', 'Depono decet deduco.', true, NULL, '["newsletter", "prospect", "vip"]', 'f89e95e0-e317-4e7b-a319-7b4755c6bb75', NULL),
	('fef4c498-f276-495d-9484-2d5bfd27876f', 'Krystal Cormier', '2025-06-09 07:20:50.343', '2025-04-07 21:27:47.294', NULL, '19507380831', 'demo-Jordyn_Connelly-Skiles@hotmail.com', '["music", "sports", "reading", "photography", "coding", "travel", "art"]', 'Summopere timidus decor absorbeo subito enim. Curtus aequitas delinquo vigor baiulus. Comedo adaugeo tredecim tego adinventitias acerbitas tamquam atqui pecus dolorum.', true, NULL, '["follow-up", "new", "vip"]', 'f89e95e0-e317-4e7b-a319-7b4755c6bb75', NULL),
	('5aae7ff4-c870-4a08-9190-13ede883a2c8', 'Dr. Salvador Wuckert', '2025-05-19 00:42:59.887', '2025-01-12 01:52:25.015', NULL, '19159249353', 'demo-Citlalli16@hotmail.com', '["music", "photography", "art"]', 'Tondeo tenax sumo virga.', true, NULL, '["follow-up", "important", "newsletter", "prospect", "vip"]', 'f89e95e0-e317-4e7b-a319-7b4755c6bb75', NULL),
	('fb1d2605-696c-452a-b2ba-94597dd98bec', 'Mrs. Irma Christiansen', '2025-06-03 04:09:31.724', '2024-07-22 22:48:40.186', NULL, '19255457648', 'demo-Adolf.Strosin@gmail.com', '["reading", "coding", "photography", "music", "sports"]', 'Rerum apud alienus sufficio in volup terror addo.', true, NULL, '["follow-up", "important", "new", "newsletter", "vip"]', 'f89e95e0-e317-4e7b-a319-7b4755c6bb75', NULL),
	('d62506fb-296a-4751-8387-1f1baf02e40c', 'Lillian Volkman', '2025-06-08 04:26:45.672', '2025-01-06 11:08:33.64', NULL, '19217845724', 'demo-Yasmine.Schamberger@hotmail.com', '["sports", "photography", "art", "reading"]', 'Libero truculenter reiciendis optio triduana vado ullam turpis vinculum correptius.', true, NULL, '["prospect"]', 'f89e95e0-e317-4e7b-a319-7b4755c6bb75', NULL),
	('29c5559c-664c-4a02-a9ef-ee1070a0bb99', 'Jesus Spencer', '2025-06-02 04:12:12.736', '2025-05-11 20:58:51.317', NULL, '17894057088', 'demo-Hardy39@hotmail.com', '["coding"]', 'Corporis cetera iure vociferor temporibus denego derelinquo quibusdam. Currus qui hic utrum eveniet defleo sonitus volva centum clementia. Uredo cohors crinis aedificium cognomen similique certus.', true, NULL, NULL, 'f89e95e0-e317-4e7b-a319-7b4755c6bb75', NULL),
	('22dc07cf-033c-4559-a4eb-ae4a0915bfb8', 'Shannon Hane', '2025-06-08 00:24:35.46', '2025-05-19 13:50:56.183', NULL, '12523091870', 'demo-Jonas76@hotmail.com', '["travel", "music", "art", "photography", "sports", "reading"]', 'Brevis templum vapulus coruscus stipes talus. Timidus super adulescens benigne. Vergo armarium dolor super ab coniecto acervus amplitudo debilito aspicio.', true, NULL, NULL, 'f89e95e0-e317-4e7b-a319-7b4755c6bb75', NULL),
	('2de3dc16-196b-4bec-91d4-3fd0217dde03', 'Brad Lakin', '2025-06-03 17:42:53.943', '2025-05-28 07:18:04.874', NULL, '19145147100', 'demo-Henry.Nolan99@gmail.com', '["photography", "music", "travel", "reading", "coding", "sports", "art"]', 'Varius valens dolores cum thesaurus quos vulariter defaeco patrocinor. Attollo vado impedit consequuntur hic vitiosus.', true, NULL, '["follow-up", "prospect", "vip"]', 'f89e95e0-e317-4e7b-a319-7b4755c6bb75', NULL),
	('f1763ac6-17f6-49c7-90e0-728001b1a554', 'Anita Gutkowski', '2025-06-13 15:43:55.563', '2025-02-26 13:41:11.636', NULL, '15574776628', 'demo-Providenci.Fisher-Bednar65@yahoo.com', '[]', 'Arguo careo celebrer decretum maiores. Auditor arcus adfero universe volva animi solitudo tenetur.', true, NULL, '["follow-up", "newsletter", "vip"]', 'f89e95e0-e317-4e7b-a319-7b4755c6bb75', NULL),
	('67f65bea-e145-4d16-9f07-1161665506c7', 'Rosemary Boyer', '2025-06-11 01:56:06.644', '2024-10-23 09:40:17.226', NULL, '17773350170', 'demo-Annette54@yahoo.com', '["music", "travel", "sports", "photography", "reading", "art"]', 'Contigo deduco curvo calamitas. Ascit administratio alo canto arx adimpleo sumptus iste minima absens. Cupio terga vulticulus fugiat confero canis.', true, NULL, '["follow-up", "important", "new", "newsletter", "prospect", "vip"]', 'f89e95e0-e317-4e7b-a319-7b4755c6bb75', NULL),
	('dd7f5178-109a-447f-bde2-4f809257a78e', 'Dr. June Lesch', '2025-06-15 00:48:42.577', '2024-08-27 08:29:13.568', NULL, '12282087806', 'demo-Herbert_Bergstrom@yahoo.com', '["coding", "music", "sports", "photography", "reading"]', 'Thesaurus considero censura minima benevolentia suppono cibus arbustum apostolus. Ventosus quis damno valetudo commodo absorbeo. Tabgo acsi tum cervus.', true, NULL, '["follow-up", "prospect"]', 'f89e95e0-e317-4e7b-a319-7b4755c6bb75', NULL),
	('d3d126cb-7775-42ad-827f-030699092348', 'Ashley McClure', '2025-06-13 05:02:27.077', '2025-04-01 22:43:01.799', NULL, '13538632523', 'demo-Jayson.Satterfield5@hotmail.com', '[]', 'Admitto spiritus vulgivagus paulatim.', true, NULL, '["follow-up", "important", "new", "newsletter", "vip"]', 'f89e95e0-e317-4e7b-a319-7b4755c6bb75', NULL),
	('78611393-25a8-47d8-92a5-e1bbcc1a9289', 'Johnathan Kulas', '2025-06-12 04:49:22.427', '2024-11-11 11:15:29.111', NULL, '14645915171', 'demo-Marielle_Moore89@gmail.com', '["travel"]', 'Ascisco distinctio sapiente cogito sursum bos paulatim esse.', true, NULL, '["follow-up", "new", "newsletter", "prospect", "vip"]', 'f89e95e0-e317-4e7b-a319-7b4755c6bb75', NULL),
	('b5825b67-5f18-44d4-8af6-f4648be62817', 'Joshua O''Hara', '2025-06-03 08:27:57.381', '2025-05-14 23:08:17.288', NULL, '16747776598', 'demo-Prince.Reilly@hotmail.com', '["music"]', 'Conicio casus beatus degenero demens adinventitias.', true, NULL, '["follow-up", "new", "prospect", "vip"]', 'f89e95e0-e317-4e7b-a319-7b4755c6bb75', NULL),
	('dcdffff4-535a-4c0f-912a-18c2d29560b3', 'Ginger Lockman', '2025-05-31 10:12:23.706', '2025-05-19 08:52:09.738', NULL, '19795068294', 'demo-Jaiden.Connelly60@yahoo.com', '["music", "travel", "photography", "coding", "art", "reading"]', 'Cariosus tyrannus atavus fugiat consectetur spes auxilium corrumpo vulpes bonus. Adduco sed id. Thesis adulatio vinculum sono debeo taedium.', true, NULL, '["important", "new", "newsletter"]', 'f89e95e0-e317-4e7b-a319-7b4755c6bb75', NULL),
	('08d87370-4e20-43b9-aa84-f772d9a9a927', 'Jeannette Yost', '2025-05-21 04:41:54.403', '2025-06-06 12:00:05.606', NULL, '17107520840', 'demo-Marlee.Abbott46@hotmail.com', '["photography", "music"]', 'Curis tumultus aegre vetus accendo.', true, NULL, '["important", "new", "newsletter", "prospect", "vip"]', 'f89e95e0-e317-4e7b-a319-7b4755c6bb75', NULL),
	('33d7004f-a60a-47e5-9ba7-3ad5b9006460', 'Mr. Preston Hartmann', '2025-05-24 00:01:17.593', '2025-05-22 04:20:57.316', NULL, '17117194137', 'demo-Logan74@gmail.com', '[]', 'Sequi viscus varietas agnitio suppono acervus.', true, NULL, '["follow-up", "new", "prospect"]', 'f89e95e0-e317-4e7b-a319-7b4755c6bb75', NULL),
	('a32a95e0-d9a3-401d-98f8-c5de5c24eaaf', 'Eileen Toy', '2025-05-30 11:51:22.695', '2024-10-28 01:11:59.048', NULL, '18093630589', 'demo-Lelia.Will-Purdy@yahoo.com', '["art", "photography", "music", "sports", "coding", "reading", "travel"]', 'Tollo carbo somniculosus thymum tergo ars callide cotidie debitis concido. Speciosus vomito conventus sunt comptus allatus.', true, NULL, NULL, 'f89e95e0-e317-4e7b-a319-7b4755c6bb75', NULL),
	('5c3fceb8-5783-4a42-9dc6-582fd682a9ea', 'Dr. Tyler Gorczany', '2025-06-10 19:17:43.722', '2024-06-17 01:06:59.176', NULL, '16579555716', 'demo-Lilyan31@yahoo.com', '["art", "travel", "sports", "photography", "reading", "coding"]', 'Vis vitium uterque demonstro peior sonitus amiculum. Amoveo officia adimpleo suadeo molestias audax.', true, NULL, '["new", "newsletter"]', 'f89e95e0-e317-4e7b-a319-7b4755c6bb75', NULL),
	('b061c0f2-01e5-47d8-a8db-9c891393bd12', 'Morris Crooks IV', '2025-06-10 20:02:11.126', '2025-03-11 15:16:50.922', NULL, '19177140225', 'demo-Noe3@yahoo.com', '["photography", "reading"]', 'Crebro depromo sub demoror in molestias. Similique debilito uredo concido. Viscus vigor certe temptatio excepturi depulso cura ago verto.', true, NULL, '["follow-up"]', 'f89e95e0-e317-4e7b-a319-7b4755c6bb75', NULL),
	('90a7fce9-6814-4b3b-ae99-c482d5139408', 'Alan Ritchie', '2025-05-21 12:19:26.677', '2024-08-06 12:23:35.535', NULL, '15593138852', 'demo-Eveline_Ritchie@yahoo.com', '["art", "travel", "coding", "photography"]', 'Patria cetera tabernus. Tabgo ascit adinventitias voro compello amplitudo uxor.', true, NULL, '["important", "prospect"]', 'f89e95e0-e317-4e7b-a319-7b4755c6bb75', NULL),
	('8354493c-524c-4bcb-b0a4-8cc781d61246', 'Gregory Mayer', '2025-06-14 12:37:50.748', '2024-09-06 12:26:48.966', NULL, '12182641783', 'demo-Ludwig38@hotmail.com', '["reading", "travel"]', 'Eveniet toties vero adipisci. Deorsum ipsum crebro thesis studio utilis turbo cogo.', true, NULL, '["new", "newsletter", "prospect", "vip"]', 'f89e95e0-e317-4e7b-a319-7b4755c6bb75', NULL),
	('29fca1df-f56d-471b-a056-a06ae9e678bf', 'Cindy Lemke', '2025-06-07 01:46:20.255', '2025-04-24 22:30:26.964', NULL, '18502261189', 'demo-Maegan.Towne43@gmail.com', '["coding"]', 'Timor caute titulus absque ipsam. Exercitationem umerus debitis assentator umbra. Capitulus videlicet volutabrum corrigo tunc depromo adulescens tardus.', true, NULL, '["follow-up", "important", "new", "newsletter", "prospect", "vip"]', 'f89e95e0-e317-4e7b-a319-7b4755c6bb75', NULL),
	('77c0e79b-962d-4a89-bea4-7a2e10af4275', 'Juanita Dicki', '2025-06-04 18:02:41.814', '2025-02-15 13:42:27.098', NULL, '12362787124', 'demo-Lilla65@yahoo.com', '["coding", "travel"]', 'Tergiversatio aer canonicus amplexus. Debilito ipsum depraedor sumptus valetudo decumbo perspiciatis stabilis crudelis.', true, NULL, '["important", "vip"]', 'f89e95e0-e317-4e7b-a319-7b4755c6bb75', NULL),
	('6dcfa224-9e9e-4715-ab88-8caa11fb57ce', 'Shelia Fritsch', '2025-05-29 05:39:55.813', '2025-02-01 10:52:28.83', NULL, '13222739060', 'demo-Clarabelle_Purdy16@gmail.com', '["music", "reading", "coding", "sports", "art", "photography"]', 'Decumbo odit tristis commodo desino tepesco conturbo numquam timor cuppedia. Acer cupiditas quae.', true, NULL, '["follow-up"]', 'f89e95e0-e317-4e7b-a319-7b4755c6bb75', NULL),
	('226c2804-b7da-4fd5-99a9-9cafc3d5ca97', 'Abel Schmidt-Schoen', '2025-06-04 15:40:17.661', '2024-12-31 08:09:12.27', NULL, '14035725379', 'demo-Devonte76@hotmail.com', '["photography", "coding", "travel", "music", "art", "sports"]', 'Sopor arma deporto vos pectus suppellex accedo magnam averto tamen. Adnuo magni tepidus temporibus aqua dedico tantum vulgivagus turbo demitto. Ventito beneficium depono charisma vigilo.', true, NULL, NULL, 'f89e95e0-e317-4e7b-a319-7b4755c6bb75', NULL),
	('2b249222-e19e-43c4-aec9-0276fc4d58ef', 'Mary Stark', '2025-06-06 13:56:55.943', '2024-10-08 02:05:03.621', NULL, '19205398992', 'demo-Garland.Batz-Kohler14@gmail.com', '["sports"]', 'Crastinus deludo totam defendo tolero terreo solum. Apud vesper architecto benevolentia combibo subseco adeptio articulus. Voluptatibus coadunatio vicissitudo.', true, NULL, NULL, 'f89e95e0-e317-4e7b-a319-7b4755c6bb75', NULL),
	('902206b8-2047-4b54-b1f1-8fabc7ed5079', 'Jody Bernhard', '2025-05-23 09:20:04.895', '2024-11-22 16:29:21.47', NULL, '15172025020', 'demo-Mariam37@gmail.com', '["photography", "coding", "art", "music", "reading"]', 'Accedo cometes sustineo spes arcesso cuius crebro.', true, NULL, NULL, 'f89e95e0-e317-4e7b-a319-7b4755c6bb75', NULL),
	('acf20038-35a3-40db-b8c6-8f76a1cd1ae4', 'Morris Schuster', '2025-05-28 05:22:47.854', '2024-11-15 12:45:35.963', NULL, '16355226838', 'demo-Judy_Gleason54@gmail.com', '["art", "music", "travel", "photography", "sports", "reading"]', 'Venustas admoveo suscipio repellat.', true, NULL, '["important", "new", "prospect", "vip"]', 'f89e95e0-e317-4e7b-a319-7b4755c6bb75', NULL),
	('1c54b54b-e35a-4dcd-b466-2366ab027bd0', 'Shelia Toy', '2025-05-31 02:21:50.885', '2025-03-22 05:20:25.454', NULL, '15445932493', 'demo-Sandy_OConner@hotmail.com', '["photography", "coding", "music"]', 'Illum auctus quo ventito spero succurro patior delectatio. Ars dignissimos doloribus ulterius vomito autus. Admoveo rerum cultura demo caries cursus suppono clam decretum blanditiis.', true, NULL, '["follow-up", "important", "new", "newsletter", "prospect", "vip"]', 'f89e95e0-e317-4e7b-a319-7b4755c6bb75', NULL),
	('4e24ef4a-b62d-4447-9a0b-066d94a2ae5a', 'Sally Halvorson-Steuber', '2025-06-05 02:25:29.713', '2025-02-25 10:35:42.561', NULL, '17825932530', 'demo-Cydney67@gmail.com', '["reading"]', 'Argentum blandior audacia. Theologus appello tutamen armarium deorsum.', true, NULL, '["follow-up", "prospect"]', 'f89e95e0-e317-4e7b-a319-7b4755c6bb75', NULL),
	('083b7440-e361-44be-a404-963ea8eaf9d7', 'Katrina Schuppe Sr.', '2025-06-03 01:16:06.144', '2025-03-20 03:47:15.591', NULL, '13608516870', 'demo-Fausto.Von@gmail.com', '["photography", "travel", "art", "coding", "sports", "music"]', 'Urbanus desino sperno venia antea color cubo. Quis confero subnecto vos.', true, NULL, '["follow-up", "important", "new", "newsletter", "prospect", "vip"]', 'f89e95e0-e317-4e7b-a319-7b4755c6bb75', NULL),
	('6e6394bb-8ba8-4c96-bef1-0509a097af55', 'Russell Hegmann', '2025-05-29 12:49:18.555', '2025-02-15 14:52:20.635', NULL, '16842157311', 'demo-Karianne_Davis24@yahoo.com', '["music", "travel", "art", "coding"]', 'Sollicito defendo vigilo expedita reiciendis velut accusator abutor minima. Ciminatio tondeo adaugeo dolore valens vallum amoveo. Adversus vox decumbo dolor tum infit usus.', true, NULL, '["follow-up", "important", "new", "vip"]', 'f89e95e0-e317-4e7b-a319-7b4755c6bb75', NULL),
	('290a0942-e74f-4c84-a735-88b2d77d8af9', 'Ryan Ing', NULL, '2025-06-26 08:44:05.798144', NULL, '971555606707', '', '[]', '', true, NULL, '["test"]', 'dd6d3514-4f70-4b66-9c2a-76785d72066a', NULL),
	('a09520a6-38d6-47f6-b341-9f71effb0e90', 'Edmond Rolfson PhD', '2025-05-17 19:57:58.265', '2025-02-17 20:04:40.757', NULL, '13766895530', 'demo-Kendall_Wunsch3@hotmail.com', '["coding", "sports", "reading", "art"]', 'Suppellex studio vinculum adflicto. Demulceo adhaero vespillo toties capio aegrotatio viridis defluo crinis tubineus.', true, NULL, '["follow-up", "important", "new", "newsletter", "prospect", "vip"]', 'f89e95e0-e317-4e7b-a319-7b4755c6bb75', NULL),
	('8dd812d7-c884-4732-8cd6-39a32a1f233f', 'Joe White', '2025-05-21 00:53:44.872', '2024-06-21 00:08:48.743', NULL, '16565482518', 'demo-Jamaal_Breitenberg19@hotmail.com', '["reading", "travel", "art", "photography", "coding", "sports", "music"]', 'Cursim vitium tristis curo maxime corrigo crapula. Peior adipisci quasi eligendi blandior adipisci conqueror. Temptatio viscus explicabo caritas truculenter depereo demens vulnus addo varietas.', true, NULL, NULL, 'f89e95e0-e317-4e7b-a319-7b4755c6bb75', NULL),
	('03a4fe97-74a3-4ccf-b2d1-ea10f5d2f25a', 'Irma Veum', '2025-05-23 09:57:22.184', '2024-07-29 08:43:20.48', NULL, '19746949312', 'demo-Haley56@gmail.com', '["sports"]', 'Dolor cuius adipiscor peccatus cornu. Decimus arx cohors theca deorsum currus nihil agnitio accusamus.', true, NULL, '["follow-up"]', 'f89e95e0-e317-4e7b-a319-7b4755c6bb75', NULL),
	('41c2b2ad-c3de-4bb0-bee8-95531e96329d', 'Ryan Lueilwitz', '2025-06-03 19:33:14.841', '2024-11-08 12:26:41.436', NULL, '15123338300', 'demo-Marilie.Herman@gmail.com', '["reading", "sports", "music", "coding", "photography"]', 'Utrimque speculum volo volubilis vinitor amplus utroque vomito. Nihil vociferor utor pectus. Conitor audeo cometes adicio vorago taceo casso dolores.', true, NULL, '["follow-up", "important", "new", "newsletter", "prospect", "vip"]', 'f89e95e0-e317-4e7b-a319-7b4755c6bb75', NULL),
	('f4cb226e-6f1b-46ea-b385-a9db62554657', 'Josefina Cummerata', '2025-06-12 11:10:58.006', '2024-10-29 18:48:45.604', NULL, '14873593803', 'demo-Ethelyn_McKenzie@gmail.com', '["reading", "travel", "photography"]', 'Undique vindico amplitudo cogo arceo absque.', true, NULL, '["important", "new"]', 'f89e95e0-e317-4e7b-a319-7b4755c6bb75', NULL),
	('4441798e-dc8a-4881-8dac-36297009d69a', 'Alexandra Wyman', '2025-06-03 20:43:59.122', '2024-07-21 20:27:24.63', NULL, '13319074212', 'demo-Sam37@gmail.com', '["coding", "reading"]', 'Decens adnuo beneficium.', true, NULL, '["follow-up", "newsletter", "prospect", "vip"]', 'f89e95e0-e317-4e7b-a319-7b4755c6bb75', NULL),
	('c77ae7b9-a3b5-4dda-9db7-96513e9ddfdf', 'Felicia Herzog', '2025-05-25 09:29:27.63', '2024-07-25 10:07:06.924', NULL, '14509161449', 'demo-Enola.Graham9@gmail.com', '["travel", "music", "sports", "art", "reading", "photography"]', 'Vorax ater conicio.', true, NULL, '["vip"]', 'f89e95e0-e317-4e7b-a319-7b4755c6bb75', NULL),
	('23f4e71e-5ebe-4452-bc1d-5b861f010397', 'Tammy Heaney', '2025-05-23 00:50:26.012', '2025-03-17 03:34:17.213', NULL, '12425580594', 'demo-Joel_Shanahan24@hotmail.com', '["coding", "reading"]', 'Terror surgo conscendo. Stabilis laborum caritas coma ventito quibusdam cum depromo.', true, NULL, '["important", "newsletter", "prospect", "vip"]', 'f89e95e0-e317-4e7b-a319-7b4755c6bb75', NULL),
	('2fe278ec-2bf4-4867-bba4-133ed3eef574', 'Al Sanford', '2025-06-11 08:12:20.019', '2024-12-31 16:18:04.969', NULL, '16952122851', 'demo-Ariel.Bauch29@yahoo.com', '["coding", "sports", "art", "reading", "photography"]', 'Timidus atavus at sequi titulus venia vomer sol. Vulgo supra vis tametsi.', true, NULL, '["important", "new", "newsletter", "prospect", "vip"]', 'f89e95e0-e317-4e7b-a319-7b4755c6bb75', NULL),
	('ecd34d7b-00bb-47ba-a612-b52a3a482a7f', 'Glenn Moore DDS', '2025-06-15 03:50:12.678', '2024-06-25 18:55:44.964', NULL, '14638479570', 'demo-Precious.Stark69@gmail.com', '["art", "travel", "music"]', 'Supra cometes volaticus deripio aranea vomer in.', true, NULL, '["newsletter", "prospect", "vip"]', 'f89e95e0-e317-4e7b-a319-7b4755c6bb75', NULL),
	('8771b97f-0c79-4a9e-b8dc-111cdf7a3760', 'Colin Kreiger', '2025-06-03 14:12:16.191', '2025-02-03 03:44:17.39', NULL, '17625056845', 'demo-Ebony19@gmail.com', '[]', 'Cunae coruscus carmen defetiscor sunt villa. Admoneo ipsam via subito alveus comedo.', true, NULL, '["newsletter"]', 'f89e95e0-e317-4e7b-a319-7b4755c6bb75', NULL),
	('f595091e-63c4-4557-9fb0-e60082fff199', 'Sonja Ankunding', '2025-05-23 07:06:10.353', '2024-08-10 00:34:07.76', NULL, '12162938163', 'demo-Bart_Ritchie63@gmail.com', '["art", "reading", "travel", "music", "sports"]', 'Dolor placeat temeritas thesaurus conqueror vetus. Ademptio decens denuncio coniuratio alveus a nulla quasi crux desparatus.', true, NULL, '["follow-up", "important", "new", "newsletter", "vip"]', 'f89e95e0-e317-4e7b-a319-7b4755c6bb75', NULL),
	('e52bd69d-f81c-4205-a35d-47f54d0ae954', 'Geraldine Huel', '2025-05-25 19:11:40.354', '2024-08-02 14:18:52.111', NULL, '19623865567', 'demo-Gust_Cummerata61@hotmail.com', '["travel", "music", "coding", "reading", "photography", "sports", "art"]', 'Crebro denuo vulnero facilis vomica civis adeptio. Pariatur tardus fugiat maiores. Totus vestrum adiuvo defessus nihil.', true, NULL, NULL, 'f89e95e0-e317-4e7b-a319-7b4755c6bb75', NULL),
	('0fbf943a-2a53-43dc-a5b2-0c37ec0be8af', 'Joann Fay V', '2025-05-31 08:07:27.621', '2024-09-03 03:46:34.777', NULL, '18012559427', 'demo-Jasper.Waters97@hotmail.com', '["photography", "coding", "sports"]', 'Cubicularis delectus suscipio crustulum. Cubo astrum aeternus ago vulgus vulgaris tabernus iste.', true, NULL, '["follow-up", "important", "new", "newsletter", "prospect", "vip"]', 'f89e95e0-e317-4e7b-a319-7b4755c6bb75', NULL),
	('cff49ead-e065-4156-b115-cdc2084acd29', 'Charlene Klocko', '2025-06-14 02:52:04.786', '2024-12-29 05:58:20.181', NULL, '15523637760', 'demo-Brisa.Mann82@hotmail.com', '["sports", "art"]', 'Speciosus quo bestia coepi contabesco conicio vis via bellum.', true, NULL, '["follow-up", "important", "new", "newsletter", "vip"]', 'f89e95e0-e317-4e7b-a319-7b4755c6bb75', NULL),
	('f224cd2c-44c6-401a-be4a-346c0bd88d88', 'Mr. Jose Bode Sr.', '2025-06-03 18:35:42.331', '2024-07-22 14:17:47.224', NULL, '18839770564', 'demo-Dorcas_OReilly87@hotmail.com', '["sports", "coding"]', 'Tener totus ait approbo. Animi stipes ulterius degenero valeo animi quo officia varius dolore.', true, NULL, '["follow-up", "important", "new", "newsletter", "prospect"]', 'f89e95e0-e317-4e7b-a319-7b4755c6bb75', NULL),
	('5c721c5e-416f-4454-ac0e-a382c4c9bbf4', 'Christian MacGyver', '2025-05-17 15:59:01.513', '2025-04-18 13:31:33.059', NULL, '14403450279', 'demo-Kelli99@hotmail.com', '["coding", "reading", "music", "photography"]', 'Laudantium et supellex adeo amissio acerbitas id caveo contego ut. Pauper voluptates vacuus talus tabesco advenio coniecto statim aetas. Conscendo titulus tendo communis carus absconditus cras crepusculum depono.', true, NULL, '["new", "newsletter", "prospect"]', 'f89e95e0-e317-4e7b-a319-7b4755c6bb75', NULL),
	('11e65e9b-fea8-4637-8f84-9f33d18b7c15', 'Ms. Danielle Bartell Jr.', '2025-05-22 13:25:09.214', '2024-11-07 08:37:03.186', NULL, '16117779519', 'demo-Zander.Sporer@yahoo.com', '["sports"]', 'Caelum canonicus damno. Ulciscor arcus claro amo culpo cogo sequi timor sumo. Soluta victus surgo aureus aureus vinum.', true, NULL, '["follow-up", "important", "new", "newsletter", "prospect"]', 'f89e95e0-e317-4e7b-a319-7b4755c6bb75', NULL),
	('8518e380-0171-4e1b-a121-95f308b6a0e4', 'Garrett Schaden', '2025-06-15 04:04:04.176', '2025-04-22 23:31:32.918', NULL, '18483202018', 'demo-Kurtis.Pacocha45@gmail.com', '["art"]', 'Amet laborum tenetur dolores est sub accusamus. Caelum argumentum denego celo occaecati incidunt vespillo dolor. Theatrum ultra suspendo dolor cornu defungo thorax.', true, NULL, '["follow-up", "important", "newsletter", "prospect"]', 'f89e95e0-e317-4e7b-a319-7b4755c6bb75', NULL),
	('762ef811-d5db-48a7-a37d-bd9c80660f92', 'Nicholas Sporer', '2025-05-16 09:23:09.691', '2024-06-28 23:13:54.577', NULL, '15125934337', 'demo-Catherine25@hotmail.com', '["music", "art", "travel", "sports", "coding", "photography", "reading"]', 'Quod censura thorax voluptas ver vos cibo territo. Voco voluptate valens depopulo statua tempore supellex vere.', true, NULL, '["follow-up", "important", "new", "newsletter", "prospect"]', 'f89e95e0-e317-4e7b-a319-7b4755c6bb75', NULL),
	('49fc1aa5-9e8c-4f79-a7b6-8016a7b01acc', 'Ana Padberg', '2025-05-29 04:04:56.785', '2024-09-09 09:50:06.27', NULL, '19729197522', 'demo-Bradford79@hotmail.com', '["reading", "travel", "coding"]', 'Defetiscor rerum tum eveniet demonstro. Asporto cras victoria corona.', true, NULL, NULL, 'f89e95e0-e317-4e7b-a319-7b4755c6bb75', NULL),
	('5eeebeda-6aae-4184-809f-9064d5e1c6a3', 'Mrs. Debbie Reilly MD', '2025-05-18 11:48:40.955', '2024-11-16 20:15:59.204', NULL, '14025171153', 'demo-Luigi.Russel@hotmail.com', '["sports", "photography", "music", "coding", "art", "travel"]', 'Crepusculum quibusdam acidus arbustum ultra patruus.', true, NULL, '["follow-up", "important", "prospect", "vip"]', 'f89e95e0-e317-4e7b-a319-7b4755c6bb75', NULL),
	('b16a5f52-e03c-404a-b8ec-07bcf293b374', 'Jack Ebert', '2025-06-09 02:28:15.044', '2024-12-22 09:37:58.22', NULL, '12155496938', 'demo-Cordell_Runolfsson24@gmail.com', '["travel", "reading", "music", "sports", "coding"]', 'Tergo territo angulus dolore contabesco vacuus apto appositus. Defendo distinctio territo aeger traho decens vesica urbanus. Cubo depraedor pax tactus verus undique demergo ulterius acsi defleo.', true, NULL, '["follow-up", "important", "new", "newsletter", "prospect", "vip"]', 'f89e95e0-e317-4e7b-a319-7b4755c6bb75', NULL),
	('b732cd7a-2ee2-4fd0-882e-f1397aae8f92', 'Molly Deckow', '2025-05-20 04:27:38.662', '2024-09-13 00:58:27.86', NULL, '15753552220', 'demo-Imani_Gulgowski@gmail.com', '["photography", "music", "coding"]', 'Commodo color terra tenax fuga. Ager valens cenaculum civitas. Dens agnitio ulterius neque avarus.', true, NULL, '["newsletter", "vip"]', 'f89e95e0-e317-4e7b-a319-7b4755c6bb75', NULL),
	('cdc4ef97-2ef5-4694-9bb1-ff565dd09a0a', 'Sophia Ward', '2025-05-31 20:56:35.65', '2024-11-27 11:27:09.521', NULL, '13016400891', 'demo-Dejah_Dare85@hotmail.com', '["sports", "art", "photography", "reading", "music"]', 'Defendo cogito curtus debilito infit. Creator cena asperiores.', true, NULL, '["important", "new"]', 'f89e95e0-e317-4e7b-a319-7b4755c6bb75', NULL),
	('ea20446b-bdde-4797-8748-5db0fa875aa1', 'Julian Wolf-Lang', '2025-06-14 13:49:24.363', '2024-10-23 02:31:32.235', NULL, '16685702881', 'demo-Georgianna38@hotmail.com', '[]', 'Amet ciminatio aperiam thesaurus facere ad ars soluta. Cubitum aliquam architecto avaritia aduro somniculosus.', true, NULL, '["follow-up", "newsletter"]', 'f89e95e0-e317-4e7b-a319-7b4755c6bb75', NULL),
	('3cc03584-b898-44de-8976-041588493474', 'Adam Denesik', '2025-06-01 06:31:40.742', '2025-02-19 02:21:50.981', NULL, '15237430080', 'demo-Marques_Reinger72@gmail.com', '["sports"]', 'Totam fugit appono bardus abbas defungo aetas audentia caecus. Summopere aptus trucido censura vilis vindico cornu. Surculus vulgivagus vilitas cilicium.', true, NULL, '["follow-up", "new", "newsletter", "prospect"]', 'f89e95e0-e317-4e7b-a319-7b4755c6bb75', NULL),
	('03e529cc-aaf2-4999-9085-33d0452075fc', 'Martin Champlin', '2025-05-20 06:02:58.441', '2025-02-20 03:30:51.173', NULL, '15648455533', 'demo-Zachery.Kreiger@hotmail.com', '["art", "music", "reading", "photography", "sports"]', 'Substantia coadunatio deripio enim.', true, NULL, '["follow-up", "important", "new", "prospect", "vip"]', 'f89e95e0-e317-4e7b-a319-7b4755c6bb75', NULL),
	('77ad2703-064a-46d6-a016-12872468458f', 'Rogelio Tromp MD', '2025-06-05 21:14:55.122', '2025-02-25 13:46:36.087', NULL, '19973136713', 'demo-Devonte.Ryan80@yahoo.com', '["music", "photography", "art", "coding", "reading", "travel"]', 'Solitudo appositus dedico convoco astrum casso currus abeo accusator uberrime. Dolor aegrotatio contego arma. Clarus nobis voluntarius curtus quo atrox claro temeritas.', true, NULL, '["important", "new", "newsletter", "vip"]', 'f89e95e0-e317-4e7b-a319-7b4755c6bb75', NULL),
	('d9c1a193-c251-464c-a3fa-5573ecd31402', 'Andrew Effertz Sr.', '2025-05-30 10:11:49.879', '2024-11-09 11:43:48.073', NULL, '16945269545', 'demo-Declan.Stehr@hotmail.com', '["music", "photography", "art", "sports"]', 'Tamquam valetudo tenuis in arcus voluntarius vesco color.', true, NULL, '["prospect"]', 'f89e95e0-e317-4e7b-a319-7b4755c6bb75', NULL),
	('12578a8d-e704-492b-95ed-5d71bae9e6cd', 'Shawna Purdy', '2025-05-26 02:37:40.166', '2025-02-22 17:28:31.909', NULL, '12508807241', 'demo-Cali.Rohan@hotmail.com', '["coding", "photography", "sports", "music", "art"]', 'Degusto adopto dapifer vesco certus capillus. Cito neque stipes candidus vulnus sublime velum ex voluptas suppono. Suffoco ea benigne dapifer.', true, NULL, '["new", "newsletter", "prospect", "vip"]', 'f89e95e0-e317-4e7b-a319-7b4755c6bb75', NULL),
	('4064af13-bcf4-4a33-a220-854f88fb8a35', 'Sherman Boyer I', '2025-06-05 09:49:23.53', '2025-03-05 06:05:18.663', NULL, '16409545226', 'demo-Keyshawn_Prosacco27@hotmail.com', '["photography", "sports", "reading", "art"]', 'Timidus auditor celebrer pecto articulus ait crux.', true, NULL, '["follow-up", "new", "prospect", "vip"]', 'f89e95e0-e317-4e7b-a319-7b4755c6bb75', NULL),
	('dd15dff3-1a0a-460d-8d54-c3579d6219ee', 'Ian Oberbrunner', '2025-06-14 01:21:56.891', '2025-04-06 03:03:21.806', NULL, '15818218729', 'demo-Louvenia_Funk@hotmail.com', '["travel", "sports", "photography"]', 'Umquam vel veniam. Ago cerno supellex cursus solium aureus congregatio alias. Peior titulus iusto vitae.', true, NULL, '["follow-up", "new"]', 'f89e95e0-e317-4e7b-a319-7b4755c6bb75', NULL),
	('41a20f64-ae9e-4949-b9ef-97f0933c9d20', 'Herman Cummings PhD', '2025-06-11 08:37:36.78', '2024-09-24 16:14:45.042', NULL, '13283161671', 'demo-Amalia67@hotmail.com', '["coding"]', 'Paens quis timidus quas tergiversatio vinco acceptus sonitus benevolentia.', true, NULL, NULL, 'f89e95e0-e317-4e7b-a319-7b4755c6bb75', NULL),
	('38d7b094-59d8-4fd0-8ec6-6fe427d7618d', 'Ken Lehner II', '2025-05-21 02:44:08.224', '2024-09-23 09:07:01.972', NULL, '19899060343', 'demo-Faustino21@yahoo.com', '["photography", "travel", "reading", "sports", "art"]', 'Decerno statim aurum.', true, NULL, '["vip"]', 'f89e95e0-e317-4e7b-a319-7b4755c6bb75', NULL),
	('879a317a-c863-4cbd-82b8-8ec980caa35b', 'Olivia Fahey', '2025-05-24 10:26:27.675', '2024-07-28 21:24:27.112', NULL, '16262757797', 'demo-Lindsey.Jacobi22@yahoo.com', '["music", "coding", "travel", "photography", "art", "reading"]', 'Supellex thema curis minus vorago defessus dolorum defendo tutamen. Victoria excepturi suus comedo arx decet vulnero.', true, NULL, NULL, 'f89e95e0-e317-4e7b-a319-7b4755c6bb75', NULL),
	('eefdf7cb-d3e5-4055-bd6c-4f1c6b1938b4', 'Jacqueline Champlin', '2025-05-19 02:09:53.174', '2025-04-13 10:55:20.352', NULL, '15627343565', 'demo-Otilia_Bosco8@hotmail.com', '[]', 'Totidem casus vespillo cras cogo consectetur curso tricesimus cometes crux. Vado thesis quo cervus cohibeo. Caries verecundia pecus congregatio valetudo audacia denego.', true, NULL, '["newsletter", "prospect", "vip"]', 'f89e95e0-e317-4e7b-a319-7b4755c6bb75', NULL),
	('224659c7-2a01-49e0-ab25-7c147e5e20a8', 'Marie Kuhlman MD', '2025-05-29 01:24:53.81', '2024-07-25 19:24:51.406', NULL, '15933721321', 'demo-Millie82@yahoo.com', '["photography", "art", "travel", "sports"]', 'Summopere sum argumentum.', true, NULL, NULL, 'f89e95e0-e317-4e7b-a319-7b4755c6bb75', NULL),
	('1ebbaef7-bb53-4cb8-baaa-061afba91ea9', 'Jamie Macejkovic', '2025-05-25 20:33:26.802', '2025-05-17 13:42:09.224', NULL, '12723494713', 'demo-Titus.Kuhlman@gmail.com', '[]', 'Claustrum arbor valens ait amita calco truculenter vitae usque.', true, NULL, '["important", "new", "newsletter", "prospect"]', 'f89e95e0-e317-4e7b-a319-7b4755c6bb75', NULL),
	('669f2a9d-aa74-4462-8e06-1e73ed1c0162', 'Mr. Andres Spinka', '2025-05-30 06:27:22.238', '2025-04-26 16:06:17.626', NULL, '13313921822', 'demo-Myles40@yahoo.com', '["coding", "sports", "art", "music", "reading", "photography"]', 'Thesis velum adstringo adicio unde accusator cubicularis confero. Communis acsi terreo avaritia balbus aut contigo neque damnatio. Deprimo verus claro ex clamo addo.', true, NULL, '["follow-up", "important", "new"]', 'f89e95e0-e317-4e7b-a319-7b4755c6bb75', NULL),
	('e06a1fce-654a-45b3-9910-15899b696cd0', 'Ms. Kristie Stroman', '2025-06-07 03:40:43.896', '2025-01-16 12:55:53.598', NULL, '13473318168', 'demo-Estevan42@yahoo.com', '["reading", "travel", "photography", "coding", "music"]', 'Utilis comes stipes sum aeneus crapula subito titulus tametsi.', true, NULL, '["new"]', 'f89e95e0-e317-4e7b-a319-7b4755c6bb75', NULL),
	('65080d0c-ee36-4448-8fbc-9c78907742fb', 'Erin Jones', '2025-05-27 04:04:40.222', '2025-02-03 16:42:40.825', NULL, '19559775084', 'demo-Sage39@gmail.com', '["music", "photography", "coding", "reading"]', 'Creber tertius decretum aegrus tibi vomica.', true, NULL, '["follow-up", "important", "new", "newsletter", "prospect", "vip"]', 'f89e95e0-e317-4e7b-a319-7b4755c6bb75', NULL),
	('1629e45b-023b-4863-be7d-79f206904ea4', 'Heidi Casper', '2025-05-20 05:55:36.053', '2025-03-07 17:49:30.069', NULL, '15976178494', 'demo-Aylin3@yahoo.com', '["music", "sports", "reading", "art"]', 'Quibusdam vorax cernuus cariosus creber umquam clibanus depereo vomito uberrime. Cenaculum ullam vacuus.', true, NULL, '["important", "new", "vip"]', 'f89e95e0-e317-4e7b-a319-7b4755c6bb75', NULL),
	('698c447f-bd6a-4908-a6e3-6405f8e80b5c', 'Claudia Waters', '2025-06-07 04:06:16.472', '2024-10-06 13:09:42.446', NULL, '13386722459', 'demo-Janae66@hotmail.com', '["music", "sports", "coding", "reading"]', 'Tabgo cometes coadunatio vigilo subiungo thesaurus caute.', true, NULL, '["important", "new"]', 'f89e95e0-e317-4e7b-a319-7b4755c6bb75', NULL),
	('09ecfb2b-15d5-40b4-ac02-79e6c4887f97', 'Lorena Davis', '2025-05-29 07:13:43.623', '2024-09-20 10:47:13.855', NULL, '16093802727', 'demo-Addison_Pacocha47@gmail.com', '[]', 'Defaeco pectus valens doloribus sol amita thesaurus derelinquo blandior. Desino adduco totam aetas pauci velum attonbitus adeo viridis caste.', true, NULL, '["important", "new", "prospect"]', 'f89e95e0-e317-4e7b-a319-7b4755c6bb75', NULL),
	('1de333e4-76eb-4f6a-a4b6-cc5600ace33b', 'Stacy Altenwerth', '2025-06-09 00:05:47.619', '2024-11-23 04:04:17.316', NULL, '15014479048', 'demo-Norma34@hotmail.com', '["art", "coding", "sports", "reading", "music"]', 'Mollitia cognomen volup.', true, NULL, '["important"]', 'f89e95e0-e317-4e7b-a319-7b4755c6bb75', NULL),
	('a1906166-b16d-4b26-b5a2-889b51a8884d', 'Mrs. Alice Anderson', '2025-05-26 13:33:47.423', '2025-01-13 02:01:47.581', NULL, '19595276727', 'demo-Candice.Hammes@gmail.com', '["coding", "music", "art"]', 'Antepono cupiditate cimentarius talio cunae defaeco vesco adsum.', true, NULL, '["follow-up", "important", "new", "newsletter", "prospect", "vip"]', 'f89e95e0-e317-4e7b-a319-7b4755c6bb75', NULL),
	('1e898f66-5d50-44ba-a4af-15a7bd80cde5', 'Christine Kirlin III', '2025-05-21 13:14:40.841', '2025-04-02 16:19:51.974', NULL, '14909344557', 'demo-Martine.Berge80@hotmail.com', '["sports", "travel", "reading", "coding", "music", "art", "photography"]', 'Tero templum amplus canto velum terga aptus. Audentia ipsa bis. Torrens administratio sub cenaculum.', true, NULL, '["follow-up", "new", "newsletter", "prospect", "vip"]', 'f89e95e0-e317-4e7b-a319-7b4755c6bb75', NULL),
	('d2eae007-2702-47b2-81e7-2ca4d8e2958c', 'Craig Predovic', '2025-05-22 01:45:45.736', '2024-12-11 10:11:47.457', NULL, '14424622473', 'demo-Mack64@gmail.com', '["coding", "music", "travel", "reading", "sports", "photography"]', 'Carcer occaecati nesciunt. Ater velociter texo uberrime demergo cogo explicabo ancilla delibero.', true, NULL, NULL, 'f89e95e0-e317-4e7b-a319-7b4755c6bb75', NULL),
	('3b8bb541-3da3-48ec-8488-8e80fd39d688', 'Kayla Rosenbaum', '2025-06-05 19:16:02.129', '2024-09-16 12:28:02.147', NULL, '17885316034', 'demo-Leonardo_McCullough0@gmail.com', '["music", "travel"]', 'Varietas dapifer adiuvo degenero curto.', true, NULL, '["follow-up", "new", "newsletter", "vip"]', 'f89e95e0-e317-4e7b-a319-7b4755c6bb75', NULL),
	('742719c6-46dd-4bfd-9b07-2ca3c761c486', 'Lee Ward', '2025-06-04 07:15:50.166', '2024-09-17 17:09:16.746', NULL, '16518684857', 'demo-Name_Auer52@gmail.com', '["reading", "art", "photography", "coding", "sports", "travel", "music"]', 'Arcesso spargo territo audeo. Spero aurum benevolentia. Agnitio ante ventus confido vergo.', true, NULL, '["follow-up", "important", "new", "newsletter", "prospect", "vip"]', 'f89e95e0-e317-4e7b-a319-7b4755c6bb75', NULL),
	('3b8d305f-48cb-45eb-b437-497296d3645b', 'Terry Littel-Armstrong', '2025-05-26 01:57:41.888', '2024-08-28 00:22:33.626', NULL, '15319753205', 'demo-Darwin.Predovic@yahoo.com', '["art", "photography", "reading", "coding", "music", "sports", "travel"]', 'Tricesimus admiratio ter amaritudo conatus. Spectaculum numquam derideo.', true, NULL, '["important", "new", "prospect", "vip"]', 'f89e95e0-e317-4e7b-a319-7b4755c6bb75', NULL),
	('059f6d10-1463-4317-b165-9b4d169e470a', 'Marsha Howell', '2025-05-28 03:06:25.579', '2025-03-04 09:02:42.515', NULL, '18148931516', 'demo-Rory39@hotmail.com', '["coding", "travel", "reading"]', 'Compono patruus arca cruciamentum cunae pax dens totidem sursum incidunt.', true, NULL, '["follow-up", "vip"]', 'f89e95e0-e317-4e7b-a319-7b4755c6bb75', NULL),
	('f458ad96-5e2b-4a91-ae00-36ef99dfc193', 'Kathy Veum', '2025-06-06 17:25:56.277', '2024-08-08 01:34:54.617', NULL, '19129402269', 'demo-Jerome_Hahn15@gmail.com', '["music", "reading", "art", "photography"]', 'Curiositas infit inflammatio laudantium conventus absque.', true, NULL, '["follow-up", "important", "vip"]', 'f89e95e0-e317-4e7b-a319-7b4755c6bb75', NULL),
	('cb45acd3-f58d-4014-bcf5-9d87f4cd1f5d', 'Henrietta Hermiston', '2025-06-09 10:16:05.737', '2025-02-10 10:38:53.195', NULL, '15663629855', 'demo-Clarabelle.Simonis@hotmail.com', '[]', 'Virga auctor desipio cernuus arma quisquam. Esse aperte solutio solvo talio tempore decet.', true, NULL, '["follow-up", "important"]', 'f89e95e0-e317-4e7b-a319-7b4755c6bb75', NULL),
	('435e3740-4dba-4d49-b0e2-87019b26a018', 'Tara Frami-Wuckert PhD', '2025-05-21 13:24:31.195', '2025-02-25 15:22:48.554', NULL, '13256249645', 'demo-Scotty_Torp82@gmail.com', '["photography", "coding", "art", "reading", "music"]', 'Aptus bonus verto theca combibo supplanto demonstro tondeo. Volo caput carus veritas vitium nisi perspiciatis arcesso.', true, NULL, '["follow-up", "new", "prospect", "vip"]', 'f89e95e0-e317-4e7b-a319-7b4755c6bb75', NULL),
	('9ea69f2b-e4e9-4aaa-8b86-8bb61bb15005', 'Mario Welch', '2025-05-27 08:00:57.585', '2024-08-02 14:33:06.6', NULL, '12094917970', 'demo-Stephan90@gmail.com', '["travel", "art", "coding", "reading", "photography"]', 'Succurro tum sit toties adfectus ipsum paens consuasor venustas. Totidem cuius patior. Socius suspendo architecto.', true, NULL, '["vip"]', 'f89e95e0-e317-4e7b-a319-7b4755c6bb75', NULL),
	('640535e6-8df6-4793-a9fd-2404139c759d', 'Harriet West', '2025-06-01 17:22:21.644', '2024-07-30 07:52:23.716', NULL, '19754205921', 'demo-Annabell62@yahoo.com', '["reading"]', 'Basium sequi tergeo cattus depono.', true, NULL, '["follow-up", "important", "new", "newsletter", "prospect", "vip"]', 'f89e95e0-e317-4e7b-a319-7b4755c6bb75', NULL),
	('f5684c93-75b5-4701-87b5-133aa7e9bf83', 'Anthony Koss', '2025-06-04 14:33:19.069', '2025-06-14 21:37:03.307', NULL, '13393990130', 'demo-Jailyn_Thiel@yahoo.com', '["art", "photography", "travel", "coding", "sports"]', 'Amet decumbo beneficium solitudo vinco.', true, NULL, '["new", "newsletter", "prospect", "vip"]', 'f89e95e0-e317-4e7b-a319-7b4755c6bb75', NULL),
	('2d851442-4314-4992-bb09-9bad51023d9c', 'Demo Test Update', NULL, '2025-07-25 07:34:57.907193', NULL, '97112', '', '[]', '', true, NULL, '["dev-testing"]', 'dd6d3514-4f70-4b66-9c2a-76785d72066a', NULL),
	('f1c7086d-faaf-4e13-955d-fb938e2e8aca', 'Shan Ing', NULL, '2025-07-25 07:04:55.691396', NULL, '971555159405', '', '[]', '', true, NULL, '[]', 'dd6d3514-4f70-4b66-9c2a-76785d72066a', NULL),
	('de68780d-f008-4cc6-9d3b-fd893516c219', 'Shan Ingenious', NULL, '2025-08-11 10:05:50.191789', NULL, '97197155515405', '', '[]', '', true, NULL, '["test"]', 'dd6d3514-4f70-4b66-9c2a-76785d72066a', NULL);


--
-- Data for Name: conversation_members; Type: TABLE DATA; Schema: public; Owner: postgres
--

INSERT INTO "public"."conversation_members" ("team_id", "contact_id", "user_id", "last_read_at") VALUES
	('dd6d3514-4f70-4b66-9c2a-76785d72066a', 'f1c7086d-faaf-4e13-955d-fb938e2e8aca', '44b57acf-bc18-4dcd-a1dc-e73a2dbefca9', '1970-01-01 00:00:00'),
	('dd6d3514-4f70-4b66-9c2a-76785d72066a', '290a0942-e74f-4c84-a735-88b2d77d8af9', '44b57acf-bc18-4dcd-a1dc-e73a2dbefca9', '2025-08-19 07:01:59.981'),
	('dd6d3514-4f70-4b66-9c2a-76785d72066a', 'f65b3e64-3ceb-4338-9e8b-0304a13964eb', '44b57acf-bc18-4dcd-a1dc-e73a2dbefca9', '2025-08-12 11:10:27.726');


--
-- Data for Name: marketing_campaigns; Type: TABLE DATA; Schema: public; Owner: postgres
--

INSERT INTO "public"."marketing_campaigns" ("id", "name", "updated_at", "created_at", "deleted_at", "description", "template_id", "schedule_at", "processed_at", "completed_at", "status", "enable_tracking", "phone_number", "created_by", "payload", "tags", "recipients", "analytics", "team_id", "message_template", "total_recipients") VALUES
	('3b195b50-f969-4a1e-8c79-834e164b3d89', 'Test Campaign', NULL, '2025-07-02 09:20:24.242047', NULL, NULL, '1230279955391836', NULL, NULL, NULL, 'success', false, '647580185100069', NULL, NULL, '["test"]', '[]', NULL, 'dd6d3514-4f70-4b66-9c2a-76785d72066a', '{"name": "hello_ryan", "language": {"code": "en", "policy": "deterministic"}, "components": [{"type": "HEADER", "parameters": [{"text": "Ryan", "type": "TEXT", "parameter_name": "name"}]}]}', 1),
	('7a49016d-528f-4e18-89fa-6bc53e7a9cdc', 'Hello', NULL, '2025-07-24 11:48:18.322366', NULL, NULL, '1230279955391836', NULL, NULL, NULL, 'success', false, '647580185100069', NULL, NULL, '[]', '["+971555159405"]', NULL, 'dd6d3514-4f70-4b66-9c2a-76785d72066a', '{"name": "hello_ryan", "language": {"code": "en", "policy": "deterministic"}, "components": [{"type": "HEADER", "parameters": [{"text": "Shan", "type": "TEXT", "parameter_name": "name"}]}]}', 1),
	('2269b987-00db-4784-a750-aaaba36cbdd4', 'Test Demo', NULL, '2025-07-08 08:23:14.28826', NULL, NULL, '493480673756270', NULL, NULL, NULL, 'success', false, '647580185100069', NULL, NULL, '["test"]', '[]', NULL, 'dd6d3514-4f70-4b66-9c2a-76785d72066a', '{"name": "test_image_template", "language": {"code": "en", "policy": "deterministic"}, "components": [{"type": "HEADER", "parameters": [{"type": "IMAGE", "image": {"id": "1009871761024462"}}]}]}', 1),
	('5cdaca70-f514-4332-b18c-ab20f05da763', 'Testing Admin 2', NULL, '2025-07-25 07:05:41.115347', NULL, NULL, '1230279955391836', NULL, NULL, NULL, 'success', false, '647580185100069', NULL, NULL, '["test"]', '[]', NULL, 'dd6d3514-4f70-4b66-9c2a-76785d72066a', '{"name": "hello_ryan", "language": {"code": "en", "policy": "deterministic"}, "components": [{"type": "HEADER", "parameters": [{"text": "Ryan", "type": "TEXT", "parameter_name": "name"}]}]}', 1),
	('d5ce4bd6-f3c2-44e0-aa33-3bf42face53a', 'Campaign', NULL, '2025-07-08 08:42:50.343067', NULL, NULL, '1230279955391836', NULL, NULL, NULL, 'success', false, '647580185100069', NULL, NULL, '["test"]', '[]', NULL, 'dd6d3514-4f70-4b66-9c2a-76785d72066a', '{"name": "hello_ryan", "language": {"code": "en", "policy": "deterministic"}, "components": [{"type": "HEADER", "parameters": [{"text": "Ryan", "type": "TEXT", "parameter_name": "name"}]}]}', 1),
	('20c37ae2-5143-43ba-91d7-5e90d1ce1800', 'Hello', NULL, '2025-07-24 11:48:16.798773', NULL, NULL, '1230279955391836', NULL, NULL, NULL, 'draft', false, '647580185100069', NULL, NULL, '[]', '["+971555159405"]', NULL, 'dd6d3514-4f70-4b66-9c2a-76785d72066a', '{"name": "hello_ryan", "language": {"code": "en", "policy": "deterministic"}, "components": [{"type": "HEADER", "parameters": [{"text": "Shan", "type": "TEXT", "parameter_name": "name"}]}]}', NULL),
	('f42a8b83-eeab-4ff1-9419-5326c3ed8b75', 'Hello2', NULL, '2025-07-25 05:52:44.902659', NULL, NULL, '1230279955391836', NULL, NULL, NULL, 'success', false, '647580185100069', NULL, NULL, '["test"]', '[]', NULL, 'dd6d3514-4f70-4b66-9c2a-76785d72066a', '{"name": "hello_ryan", "language": {"code": "en", "policy": "deterministic"}, "components": [{"type": "HEADER", "parameters": [{"text": "Ryan", "type": "TEXT", "parameter_name": "name"}]}]}', 1),
	('3bcc4984-01b0-4d0e-97a3-c6c8aeb63d7d', 'Test', NULL, '2025-07-24 11:54:24.254963', NULL, NULL, '1230279955391836', NULL, NULL, NULL, 'success', false, '647580185100069', NULL, NULL, '[]', '["+971555159405"]', NULL, 'dd6d3514-4f70-4b66-9c2a-76785d72066a', '{"name": "hello_ryan", "language": {"code": "en", "policy": "deterministic"}, "components": [{"type": "HEADER", "parameters": [{"text": "Ryan", "type": "TEXT", "parameter_name": "name"}]}]}', 1),
	('109c5648-b782-4258-b473-29ad4ee3e3ac', 'Hello', NULL, '2025-07-24 11:58:43.843784', NULL, NULL, '1230279955391836', NULL, NULL, NULL, 'success', false, '647580185100069', NULL, NULL, '["test"]', '[]', NULL, 'dd6d3514-4f70-4b66-9c2a-76785d72066a', '{"name": "hello_ryan", "language": {"code": "en", "policy": "deterministic"}, "components": [{"type": "HEADER", "parameters": [{"text": "Ryan", "type": "TEXT", "parameter_name": "name"}]}]}', 1),
	('d87d07ae-996a-4440-805d-abdfb900c1a2', 'Testing Admin 1', NULL, '2025-07-25 07:00:51.023006', NULL, NULL, '1230279955391836', NULL, NULL, NULL, 'success', false, '647580185100069', NULL, NULL, '[]', '["+97155515405"]', NULL, 'dd6d3514-4f70-4b66-9c2a-76785d72066a', '{"name": "hello_ryan", "language": {"code": "en", "policy": "deterministic"}, "components": [{"type": "HEADER", "parameters": [{"text": "Ryan", "type": "TEXT", "parameter_name": "name"}]}]}', 1),
	('086a37ce-8dd0-44c0-b34f-ca501bafd06a', 'Hello', NULL, '2025-07-25 05:51:08.13335', NULL, NULL, '1230279955391836', NULL, NULL, NULL, 'success', false, '647580185100069', NULL, NULL, '["test"]', '[]', NULL, 'dd6d3514-4f70-4b66-9c2a-76785d72066a', '{"name": "hello_ryan", "language": {"code": "en", "policy": "deterministic"}, "components": [{"type": "HEADER", "parameters": [{"text": "Ryan", "type": "TEXT", "parameter_name": "name"}]}]}', 1),
	('0f89ea42-e9e7-4d26-8b0d-be0e5708cb47', 'Testing Admin 3', NULL, '2025-07-25 07:08:58.8438', NULL, NULL, '1230279955391836', NULL, NULL, NULL, 'success', false, '647580185100069', NULL, NULL, '["test"]', '[]', NULL, 'dd6d3514-4f70-4b66-9c2a-76785d72066a', '{"name": "hello_ryan", "language": {"code": "en", "policy": "deterministic"}, "components": [{"type": "HEADER", "parameters": [{"text": "Ryan", "type": "TEXT", "parameter_name": "name"}]}]}', 2),
	('8905e877-eb18-4042-8884-b7c15b9d80e3', 'Camp Aug 11', NULL, '2025-08-11 08:09:58.247189', NULL, NULL, '1692179734795083', NULL, NULL, NULL, 'success', false, '647580185100069', NULL, NULL, '["test"]', '[]', NULL, 'dd6d3514-4f70-4b66-9c2a-76785d72066a', '{"name": "test_imgg", "language": {"code": "en", "policy": "deterministic"}, "components": [{"type": "HEADER", "parameters": [{"type": "IMAGE", "image": {"id": "1972683443505929"}}]}]}', 2),
	('1d80d5dc-2a1f-4b77-af7d-366a01e2b3a8', 'Clone', NULL, '2025-07-25 09:53:12.144745', NULL, NULL, '1230279955391836', NULL, NULL, NULL, 'success', false, '647580185100069', NULL, NULL, '["test"]', '[]', NULL, 'dd6d3514-4f70-4b66-9c2a-76785d72066a', '{"name": "hello_ryan", "language": {"code": "en", "policy": "deterministic"}, "components": [{"type": "HEADER", "parameters": [{"text": "Ryan", "type": "TEXT", "parameter_name": "name"}]}]}', NULL),
	('bc2a8ae0-70d0-43c0-9fa4-63afdecab0b0', 'Clone 2', NULL, '2025-07-25 09:56:05.990792', NULL, NULL, '1230279955391836', NULL, NULL, NULL, 'draft', false, '647580185100069', NULL, NULL, '["test"]', '[]', NULL, 'dd6d3514-4f70-4b66-9c2a-76785d72066a', '{"name": "hello_ryan", "language": {"code": "en", "policy": "deterministic"}, "components": [{"type": "HEADER", "parameters": [{"text": "Ryan", "type": "TEXT", "parameter_name": "name"}]}]}', NULL),
	('a6074340-e0c9-4362-ae25-6ba6fb286236', 'test caMP', NULL, '2025-07-31 11:10:51.063027', NULL, NULL, 'template_2001fb76-e7e9-4a02-87c6-d77806733188', NULL, NULL, NULL, 'draft', false, '647580185100069', NULL, NULL, '["test"]', '[]', NULL, 'dd6d3514-4f70-4b66-9c2a-76785d72066a', '{"name": "test_template_july", "language": {"code": "en", "policy": "deterministic"}, "components": []}', NULL),
	('8edce09b-06d5-4095-97f9-cb95df206763', 'Hello', NULL, '2025-08-14 12:24:13.987828', NULL, NULL, '1291261479323998', NULL, NULL, NULL, 'success', false, '647580185100069', NULL, NULL, '["test"]', '[]', NULL, 'dd6d3514-4f70-4b66-9c2a-76785d72066a', '{"name": "sample_clickable_image", "language": {"code": "en", "policy": "deterministic"}, "components": [{"type": "HEADER", "parameters": [{"type": "IMAGE", "image": {"id": "770091998700067", "caption": "Capio"}}]}]}', 3),
	('e09d2884-133d-4d3c-b2a6-56166e15f6a2', 'Demo', NULL, '2025-08-19 05:57:05.156577', NULL, NULL, '1058971783110481', NULL, NULL, NULL, 'success', false, '647580185100069', NULL, NULL, '["test"]', '["+971555606707"]', NULL, 'dd6d3514-4f70-4b66-9c2a-76785d72066a', '{"name": "test_url_btn", "language": {"code": "en", "policy": "deterministic"}, "components": []}', 3),
	('28217b62-250f-4b43-b82d-5d7dad9a67b6', 'Hello2', NULL, '2025-08-18 09:08:27.603323', NULL, NULL, '1058971783110481', NULL, NULL, NULL, 'success', false, '647580185100069', NULL, NULL, '[]', '["+971555606707"]', NULL, 'dd6d3514-4f70-4b66-9c2a-76785d72066a', '{"name": "test_url_btn", "language": {"code": "en", "policy": "deterministic"}, "components": []}', 1);


--
-- Data for Name: conversations; Type: TABLE DATA; Schema: public; Owner: postgres
--

INSERT INTO "public"."conversations" ("id", "content", "from", "contact_id", "is_marketing_campaign", "wa_response", "wamid", "status", "team_id", "updated_at", "created_at", "deleted_at", "marketing_campaign_id", "success", "body", "replied_to", "direction", "user_id", "conversation_search") VALUES
	('1f6db38d-95e5-48f7-a828-335bc2607adf', NULL, NULL, '290a0942-e74f-4c84-a735-88b2d77d8af9', NULL, NULL, 'wamid.HBgMOTcxNTU1NjA2NzA3FQIAERgSMUM2NDlFRDZFQ0MxOUVGOUZCAA==', 'read', 'dd6d3514-4f70-4b66-9c2a-76785d72066a', NULL, '2025-07-02 11:08:50.828545', NULL, NULL, true, '{"body": {"text": "test"}}', NULL, 'outbound', '44b57acf-bc18-4dcd-a1dc-e73a2dbefca9', '''+971555606707'':5 ''bodi'':1 ''test'':3 ''text'':2 ''vincent'':4'),
	('ebf20220-a6ab-4e20-8cef-0e3a2bb3cf8f', '{"id": "wamid.HBgMOTcxNTU1NjA2NzA3FQIAEhggNzBDQjY0MDg3NTNFNDhBNzMyREE4Q0I3RjhDQ0E2NzEA", "from": "971555606707", "text": {"body": "Tedt reply"}, "type": "text", "wabaId": "653940250616299", "timestamp": "1751450507", "profileName": "Vincent", "originalData": {"id": "wamid.HBgMOTcxNTU1NjA2NzA3FQIAEhggNzBDQjY0MDg3NTNFNDhBNzMyREE4Q0I3RjhDQ0E2NzEA", "from": "971555606707", "text": {"body": "Tedt reply"}, "type": "text", "context": {"id": "wamid.HBgMOTcxNTU1NjA2NzA3FQIAERgSQ0IzNTdCQTc3RDk0N0RDQzYzAA==", "from": "971585142884"}, "timestamp": "1751450507"}, "phoneNumberId": "647580185100069", "displayPhoneNumber": "971585142884"}', NULL, '290a0942-e74f-4c84-a735-88b2d77d8af9', NULL, NULL, 'wamid.HBgMOTcxNTU1NjA2NzA3FQIAEhggNzBDQjY0MDg3NTNFNDhBNzMyREE4Q0I3RjhDQ0E2NzEA', NULL, 'dd6d3514-4f70-4b66-9c2a-76785d72066a', NULL, '2025-07-02 10:01:50.059642', NULL, NULL, true, '{"body": {"text": "Tedt reply"}}', 'wamid.HBgMOTcxNTU1NjA2NzA3FQIAERgSQ0IzNTdCQTc3RDk0N0RDQzYzAA==', 'inbound', NULL, '''+971555606707'':6 ''bodi'':1 ''repli'':4 ''tedt'':3 ''text'':2 ''vincent'':5'),
	('1fc98a41-9101-4ba0-8e04-11db8d5030e6', NULL, NULL, '290a0942-e74f-4c84-a735-88b2d77d8af9', NULL, NULL, 'wamid.HBgMOTcxNTU1NjA2NzA3FQIAERgSMTNEMUIyRjUwNTkyMTQ4Mzc0AA==', 'delivered', 'dd6d3514-4f70-4b66-9c2a-76785d72066a', NULL, '2025-07-02 11:11:47.966699', NULL, NULL, true, '{"body": {"text": "test"}}', NULL, 'outbound', '44b57acf-bc18-4dcd-a1dc-e73a2dbefca9', '''+971555606707'':5 ''bodi'':1 ''test'':3 ''text'':2 ''vincent'':4'),
	('f6caa383-ca33-4875-b9a5-3db839e0788a', NULL, NULL, '290a0942-e74f-4c84-a735-88b2d77d8af9', NULL, NULL, 'wamid.HBgMOTcxNTU1NjA2NzA3FQIAERgSRjE1NjQ3RkMxRDUxNDE5MDBBAA==', 'sent', 'dd6d3514-4f70-4b66-9c2a-76785d72066a', NULL, '2025-07-02 11:11:59.156582', NULL, NULL, true, '{"body": {"text": "another 1"}}', NULL, 'outbound', '44b57acf-bc18-4dcd-a1dc-e73a2dbefca9', '''+971555606707'':6 ''1'':4 ''anoth'':3 ''bodi'':1 ''text'':2 ''vincent'':5'),
	('2e870ab3-51a7-4cca-b707-337fdcebd170', NULL, NULL, '290a0942-e74f-4c84-a735-88b2d77d8af9', NULL, NULL, 'wamid.HBgMOTcxNTU1NjA2NzA3FQIAERgSOUU1OEVFRERCNUM0MTMxOTM2AA==', 'sent', 'dd6d3514-4f70-4b66-9c2a-76785d72066a', NULL, '2025-07-02 11:12:34.927811', NULL, NULL, true, '{"body": {"text": "test"}}', NULL, 'outbound', '44b57acf-bc18-4dcd-a1dc-e73a2dbefca9', '''+971555606707'':5 ''bodi'':1 ''test'':3 ''text'':2 ''vincent'':4'),
	('49e5cce6-8275-435f-8cd5-d701c55dc8f0', '{"id": "wamid.HBgMOTcxNTU1NjA2NzA3FQIAEhggMUYzRjkxRTVCMzU2RjgyMzQ3NTcxMUIxRkE2MTBEOTIA", "from": "971555606707", "type": "button", "button": {"text": "Quick Reply", "payload": "Quick Reply"}, "wabaId": "653940250616299", "timestamp": "1751349906", "profileName": "Vincent", "originalData": {"id": "wamid.HBgMOTcxNTU1NjA2NzA3FQIAEhggMUYzRjkxRTVCMzU2RjgyMzQ3NTcxMUIxRkE2MTBEOTIA", "from": "971555606707", "type": "button", "button": {"text": "Quick Reply", "payload": "Quick Reply"}, "context": {"id": "wamid.HBgMOTcxNTU1NjA2NzA3FQIAERgSRjE1OTc3Q0IwQjlENTREQUU2AA==", "from": "971585142884"}, "timestamp": "1751349906"}, "phoneNumberId": "647580185100069", "displayPhoneNumber": "971585142884"}', NULL, '290a0942-e74f-4c84-a735-88b2d77d8af9', NULL, NULL, 'wamid.HBgMOTcxNTU1NjA2NzA3FQIAEhggMUYzRjkxRTVCMzU2RjgyMzQ3NTcxMUIxRkE2MTBEOTIA', NULL, 'dd6d3514-4f70-4b66-9c2a-76785d72066a', NULL, '2025-07-02 11:45:24.743091', NULL, NULL, true, '{"body": {"text": "Quick Reply"}}', 'wamid.HBgMOTcxNTU1NjA2NzA3FQIAERgSRjE1OTc3Q0IwQjlENTREQUU2AA==', 'inbound', NULL, '''+971555606707'':6 ''bodi'':1 ''quick'':3 ''repli'':4 ''text'':2 ''vincent'':5'),
	('f61d47c3-0156-4535-82ef-60e5b224ce5e', '{"to": "971555606707", "body": {"name": "hello_ryan", "language": {"code": "en", "policy": "deterministic"}, "components": [{"type": "HEADER", "parameters": [{"text": "Ryan", "type": "TEXT", "parameter_name": "name"}]}]}}', NULL, '290a0942-e74f-4c84-a735-88b2d77d8af9', true, NULL, 'wamid.HBgMOTcxNTU1NjA2NzA3FQIAERgSQ0IzNTdCQTc3RDk0N0RDQzYzAA==', 'read', 'dd6d3514-4f70-4b66-9c2a-76785d72066a', NULL, '2025-07-02 09:20:41.434198', NULL, '3b195b50-f969-4a1e-8c79-834e164b3d89', true, '{"body": {"text": "This is a test message for named variable"}, "footer": "This is a test message", "header": {"text": "Hi Ryan"}}', NULL, 'outbound', '44b57acf-bc18-4dcd-a1dc-e73a2dbefca9', '''+971555606707'':22 ''bodi'':1 ''footer'':11 ''header'':17 ''hi'':19 ''messag'':7,16 ''name'':9 ''ryan'':20 ''test'':6,15 ''text'':2,18 ''variabl'':10 ''vincent'':21'),
	('76436671-5197-47d1-98e3-bd53ca66a47b', '{"id": "wamid.HBgMOTcxNTU1NjA2NzA3FQIAEhggMjZBNzA1NzQ5NTVGNTlDMTREMzgxMEZEQzZGRjk4NzAA", "from": "971555606707", "text": {"body": "Test"}, "type": "text", "wabaId": "653940250616299", "timestamp": "1751887122", "profileName": "Vincent", "originalData": {"id": "wamid.HBgMOTcxNTU1NjA2NzA3FQIAEhggMjZBNzA1NzQ5NTVGNTlDMTREMzgxMEZEQzZGRjk4NzAA", "from": "971555606707", "text": {"body": "Test"}, "type": "text", "timestamp": "1751887122"}, "phoneNumberId": "647580185100069", "displayPhoneNumber": "971585142884"}', NULL, '290a0942-e74f-4c84-a735-88b2d77d8af9', NULL, NULL, 'wamid.HBgMOTcxNTU1NjA2NzA3FQIAEhggMjZBNzA1NzQ5NTVGNTlDMTREMzgxMEZEQzZGRjk4NzAA', NULL, 'dd6d3514-4f70-4b66-9c2a-76785d72066a', NULL, '2025-07-07 11:25:44.641205', NULL, NULL, true, '{"body": {"text": "Test"}}', NULL, 'inbound', NULL, '''+971555606707'':5 ''bodi'':1 ''test'':3 ''text'':2 ''vincent'':4'),
	('6f81f1bc-5f00-4e2c-8373-11ddf9ce3450', '{"id": "wamid.HBgMOTcxNTU1NjA2NzA3FQIAEhggQTUyRUI5RDczN0Q4NTgxQzQyMkY4OTM4MzdBMDZCNUMA", "from": "971555606707", "text": {"body": "Notif"}, "type": "text", "wabaId": "653940250616299", "timestamp": "1751887897", "profileName": "Vincent", "originalData": {"id": "wamid.HBgMOTcxNTU1NjA2NzA3FQIAEhggQTUyRUI5RDczN0Q4NTgxQzQyMkY4OTM4MzdBMDZCNUMA", "from": "971555606707", "text": {"body": "Notif"}, "type": "text", "timestamp": "1751887897"}, "phoneNumberId": "647580185100069", "displayPhoneNumber": "971585142884"}', NULL, '290a0942-e74f-4c84-a735-88b2d77d8af9', NULL, NULL, 'wamid.HBgMOTcxNTU1NjA2NzA3FQIAEhggQTUyRUI5RDczN0Q4NTgxQzQyMkY4OTM4MzdBMDZCNUMA', NULL, 'dd6d3514-4f70-4b66-9c2a-76785d72066a', NULL, '2025-07-07 11:31:39.594124', NULL, NULL, true, '{"body": {"text": "Notif"}}', NULL, 'inbound', NULL, '''+971555606707'':5 ''bodi'':1 ''notif'':3 ''text'':2 ''vincent'':4'),
	('c14622a1-069e-47bf-9c2f-cb3b2d96b216', '{"to": "971555606707", "body": {"name": "hello_ryan", "language": {"code": "en", "policy": "deterministic"}, "components": [{"type": "HEADER", "parameters": [{"text": "Ryan", "type": "TEXT", "parameter_name": "name"}]}]}}', NULL, '290a0942-e74f-4c84-a735-88b2d77d8af9', true, NULL, 'wamid.HBgMOTcxNTU1NjA2NzA3FQIAERgSRjQxMjdGMDJERkM1MEQwMzYyAA==', 'delivered', 'dd6d3514-4f70-4b66-9c2a-76785d72066a', NULL, '2025-07-25 05:52:58.614035', NULL, 'f42a8b83-eeab-4ff1-9419-5326c3ed8b75', true, '{"body": {"text": "This is a test message for named variable"}, "footer": "This is a test message", "header": {"text": "Hi Ryan"}}', NULL, 'outbound', '44b57acf-bc18-4dcd-a1dc-e73a2dbefca9', '''+971555606707'':22 ''bodi'':1 ''footer'':11 ''header'':17 ''hi'':19 ''messag'':7,16 ''name'':9 ''ryan'':20 ''test'':6,15 ''text'':2,18 ''variabl'':10 ''vincent'':21'),
	('8f844ced-c818-43e8-8088-9ac44995793b', '{"to": "971555606707", "body": {"name": "test_image_template", "language": {"code": "en", "policy": "deterministic"}, "components": [{"type": "HEADER", "parameters": [{"type": "IMAGE", "image": {"id": "1009871761024462"}}]}]}}', NULL, '290a0942-e74f-4c84-a735-88b2d77d8af9', true, NULL, 'wamid.HBgMOTcxNTU1NjA2NzA3FQIAERgSQzNEQ0M0MzMzRDgwMzM1NzVDAA==', 'read', 'dd6d3514-4f70-4b66-9c2a-76785d72066a', NULL, '2025-07-08 08:23:30.046928', NULL, '2269b987-00db-4784-a750-aaaba36cbdd4', true, '{"body": {"text": "Hello"}, "footer": "this is a test template for webhook", "header": {"media": {}}, "buttons": [{"text": "Quick Reply", "type": "QUICK_REPLY"}, {"text": "Visit website", "type": "URL"}]}', NULL, 'outbound', '44b57acf-bc18-4dcd-a1dc-e73a2dbefca9', '''+971555606707'':27 ''bodi'':1 ''button'':14 ''footer'':4 ''header'':12 ''hello'':3 ''media'':13 ''quick'':16,19 ''repli'':17,20 ''templat'':9 ''test'':8 ''text'':2,15,21 ''type'':18,24 ''url'':25 ''vincent'':26 ''visit'':22 ''webhook'':11 ''websit'':23'),
	('377d90ca-6d11-4053-8918-54029b6bcf4f', '{"to": "97155515405", "body": {"name": "hello_ryan", "language": {"code": "en", "policy": "deterministic"}, "components": [{"type": "HEADER", "parameters": [{"text": "Ryan", "type": "TEXT", "parameter_name": "name"}]}]}}', NULL, 'f65b3e64-3ceb-4338-9e8b-0304a13964eb', true, NULL, 'wamid.HBgLOTcxNTU1MTU0MDUVAgARGBJBOTI1QUY3Q0FDMEM2MDM4RkIA', 'delivered', 'dd6d3514-4f70-4b66-9c2a-76785d72066a', NULL, '2025-07-25 07:03:07.707991', NULL, 'd87d07ae-996a-4440-805d-abdfb900c1a2', true, '{"body": {"text": "This is a test message for named variable"}, "footer": "This is a test message", "header": {"text": "Hi Ryan"}}', NULL, 'outbound', '44b57acf-bc18-4dcd-a1dc-e73a2dbefca9', '''97155515405'':21 ''bodi'':1 ''footer'':11 ''header'':17 ''hi'':19 ''messag'':7,16 ''name'':9 ''ryan'':20 ''test'':6,15 ''text'':2,18 ''variabl'':10'),
	('8b2b06e1-3724-481a-938c-5ab2e309063b', '{"to": "971555606707", "body": {"name": "hello_ryan", "language": {"code": "en", "policy": "deterministic"}, "components": [{"type": "HEADER", "parameters": [{"text": "Ryan", "type": "TEXT", "parameter_name": "name"}]}]}}', NULL, '290a0942-e74f-4c84-a735-88b2d77d8af9', true, NULL, 'wamid.HBgMOTcxNTU1NjA2NzA3FQIAERgSOTAwNDVFRUVGOUU2RTU5MDhDAA==', 'read', 'dd6d3514-4f70-4b66-9c2a-76785d72066a', NULL, '2025-07-08 08:43:01.350571', NULL, 'd5ce4bd6-f3c2-44e0-aa33-3bf42face53a', true, '{"body": {"text": "This is a test message for named variable"}, "footer": "This is a test message", "header": {"text": "Hi Ryan"}}', NULL, 'outbound', '44b57acf-bc18-4dcd-a1dc-e73a2dbefca9', '''+971555606707'':22 ''bodi'':1 ''footer'':11 ''header'':17 ''hi'':19 ''messag'':7,16 ''name'':9 ''ryan'':20 ''test'':6,15 ''text'':2,18 ''variabl'':10 ''vincent'':21'),
	('865ab353-7b96-477c-9ca1-a86a3c4813d1', '{"to": "971555606707", "body": {"name": "hello_ryan", "language": {"code": "en", "policy": "deterministic"}, "components": [{"type": "HEADER", "parameters": [{"text": "Ryan", "type": "TEXT", "parameter_name": "name"}]}]}}', NULL, '290a0942-e74f-4c84-a735-88b2d77d8af9', true, NULL, 'wamid.HBgMOTcxNTU1NjA2NzA3FQIAERgSREM1QjQ4RTA5NzJDRjZDOENCAA==', 'delivered', 'dd6d3514-4f70-4b66-9c2a-76785d72066a', NULL, '2025-07-25 07:06:03.770233', NULL, '5cdaca70-f514-4332-b18c-ab20f05da763', true, '{"body": {"text": "This is a test message for named variable"}, "footer": "This is a test message", "header": {"text": "Hi Ryan"}}', NULL, 'outbound', '44b57acf-bc18-4dcd-a1dc-e73a2dbefca9', '''+971555606707'':22 ''bodi'':1 ''footer'':11 ''header'':17 ''hi'':19 ''messag'':7,16 ''name'':9 ''ryan'':20 ''test'':6,15 ''text'':2,18 ''variabl'':10 ''vincent'':21'),
	('ccdfde06-4802-4319-ba28-3c79f952bdce', '{"to": "971555606707", "body": {"name": "hello_ryan", "language": {"code": "en", "policy": "deterministic"}, "components": [{"type": "HEADER", "parameters": [{"text": "Ryan", "type": "TEXT", "parameter_name": "name"}]}]}}', NULL, '290a0942-e74f-4c84-a735-88b2d77d8af9', true, NULL, 'wamid.HBgMOTcxNTU1NjA2NzA3FQIAERgSQUI5QjQwNTVCREQyNzc2MDc1AA==', 'delivered', 'dd6d3514-4f70-4b66-9c2a-76785d72066a', NULL, '2025-07-25 07:09:11.575864', NULL, '0f89ea42-e9e7-4d26-8b0d-be0e5708cb47', true, '{"body": {"text": "This is a test message for named variable"}, "footer": "This is a test message", "header": {"text": "Hi Ryan"}}', NULL, 'outbound', '44b57acf-bc18-4dcd-a1dc-e73a2dbefca9', '''+971555606707'':22 ''bodi'':1 ''footer'':11 ''header'':17 ''hi'':19 ''messag'':7,16 ''name'':9 ''ryan'':20 ''test'':6,15 ''text'':2,18 ''variabl'':10 ''vincent'':21'),
	('9363eb09-000f-40ad-9a46-8c09b006fac6', '{"to": "971555606707", "body": {"name": "test_imgg", "language": {"code": "en", "policy": "deterministic"}, "components": [{"type": "HEADER", "parameters": [{"type": "IMAGE", "image": {"id": "1972683443505929"}}]}]}}', NULL, '290a0942-e74f-4c84-a735-88b2d77d8af9', true, NULL, 'wamid.HBgMOTcxNTU1NjA2NzA3FQIAERgSNUZERDJFNUEzQjJENTc2N0Y2AA==', 'delivered', 'dd6d3514-4f70-4b66-9c2a-76785d72066a', NULL, '2025-08-11 08:15:24.70854', NULL, '8905e877-eb18-4042-8884-b7c15b9d80e3', true, '{"body": {"text": "hello"}, "footer": "test", "header": {"media": {}}, "buttons": [{"text": "ing", "type": "PHONE_NUMBER"}]}', NULL, 'outbound', '44b57acf-bc18-4dcd-a1dc-e73a2dbefca9', '''+971555606707'':15 ''bodi'':1 ''button'':8 ''footer'':4 ''header'':6 ''hello'':3 ''ing'':10 ''media'':7 ''number'':13 ''phone'':12 ''test'':5 ''text'':2,9 ''type'':11 ''vincent'':14'),
	('35baa483-6163-48d6-8cfb-45a5e9daf155', '{"to": "971555606707", "body": {"name": "test_url_btn", "language": {"code": "en", "policy": "deterministic"}, "components": []}}', NULL, '290a0942-e74f-4c84-a735-88b2d77d8af9', true, NULL, 'wamid.HBgMOTcxNTU1NjA2NzA3FQIAERgSN0M3ODM5MDZEMkQzNzQ4QUE3AA==', 'delivered', 'dd6d3514-4f70-4b66-9c2a-76785d72066a', NULL, '2025-08-18 09:08:53.076915', NULL, '28217b62-250f-4b43-b82d-5d7dad9a67b6', true, '{"body": {"text": "Hi this is a sample image template"}, "footer": "this is a test image template", "header": {"text": "Hello"}, "buttons": [{"text": "Link", "type": "URL"}]}', NULL, 'outbound', '44b57acf-bc18-4dcd-a1dc-e73a2dbefca9', '''+971555606707'':26 ''bodi'':1 ''button'':20 ''footer'':10 ''header'':17 ''hello'':19 ''hi'':3 ''imag'':8,15 ''link'':22 ''sampl'':7 ''templat'':9,16 ''test'':14 ''text'':2,18,21 ''type'':23 ''url'':24 ''vincent'':25'),
	('c2a5341e-9738-4f18-9ae0-3e1c641c316d', '{"to": "971555606707", "body": {"name": "test_url_btn", "language": {"code": "en", "policy": "deterministic"}, "components": []}}', NULL, '290a0942-e74f-4c84-a735-88b2d77d8af9', true, NULL, 'wamid.HBgMOTcxNTU1NjA2NzA3FQIAERgSQ0VCMENGQTNGNDY2OTI3RkVGAA==', 'delivered', 'dd6d3514-4f70-4b66-9c2a-76785d72066a', NULL, '2025-08-18 18:19:03.720357', NULL, NULL, true, '{"body": {"text": "Hi this is a sample image template"}, "footer": "this is a test image template", "header": {"text": "Hello"}, "buttons": [{"text": "Link", "type": "URL"}]}', NULL, 'outbound', '44b57acf-bc18-4dcd-a1dc-e73a2dbefca9', '''+971555606707'':26 ''bodi'':1 ''button'':20 ''footer'':10 ''header'':17 ''hello'':19 ''hi'':3 ''imag'':8,15 ''link'':22 ''sampl'':7 ''templat'':9,16 ''test'':14 ''text'':2,18,21 ''type'':23 ''url'':24 ''vincent'':25'),
	('00800ff6-5d19-4277-a9a1-374388b2c957', '{"to": "971555606707", "body": {"name": "test_url_btn", "language": {"code": "en", "policy": "deterministic"}, "components": []}}', NULL, '290a0942-e74f-4c84-a735-88b2d77d8af9', true, NULL, 'wamid.HBgMOTcxNTU1NjA2NzA3FQIAERgSOEI4RTRDNUUwODIyODM3QUU4AA==', 'delivered', 'dd6d3514-4f70-4b66-9c2a-76785d72066a', NULL, '2025-08-18 18:25:33.124245', NULL, NULL, true, '{"body": {"text": "Hi this is a sample image template"}, "footer": "this is a test image template", "header": {"text": "Hello"}, "buttons": [{"text": "Link", "type": "URL"}]}', NULL, 'outbound', '44b57acf-bc18-4dcd-a1dc-e73a2dbefca9', '''+971555606707'':26 ''bodi'':1 ''button'':20 ''footer'':10 ''header'':17 ''hello'':19 ''hi'':3 ''imag'':8,15 ''link'':22 ''sampl'':7 ''templat'':9,16 ''test'':14 ''text'':2,18,21 ''type'':23 ''url'':24 ''vincent'':25'),
	('662a57df-e2a3-4ed2-8f36-f055712c3b56', '{"to": "971555606707", "body": {"name": "test_url_btn", "language": {"code": "en", "policy": "deterministic"}, "components": []}}', NULL, '290a0942-e74f-4c84-a735-88b2d77d8af9', true, NULL, 'wamid.HBgMOTcxNTU1NjA2NzA3FQIAERgSRkU3ODlGRDIxMzE0NTFCQTkzAA==', 'delivered', 'dd6d3514-4f70-4b66-9c2a-76785d72066a', NULL, '2025-08-18 18:26:13.211922', NULL, NULL, true, '{"body": {"text": "Hi this is a sample image template"}, "footer": "this is a test image template", "header": {"text": "Hello"}, "buttons": [{"text": "Link", "type": "URL"}]}', NULL, 'outbound', '44b57acf-bc18-4dcd-a1dc-e73a2dbefca9', '''+971555606707'':26 ''bodi'':1 ''button'':20 ''footer'':10 ''header'':17 ''hello'':19 ''hi'':3 ''imag'':8,15 ''link'':22 ''sampl'':7 ''templat'':9,16 ''test'':14 ''text'':2,18,21 ''type'':23 ''url'':24 ''vincent'':25'),
	('e7af2e92-077b-48de-b20c-226b216d7c9e', '{"to": "971555606707", "body": {"name": "test_url_btn", "language": {"code": "en", "policy": "deterministic"}, "components": []}}', NULL, '290a0942-e74f-4c84-a735-88b2d77d8af9', true, NULL, 'wamid.HBgMOTcxNTU1NjA2NzA3FQIAERgSOEJGRTY0MzY0OTY5RjAzRDVEAA==', 'delivered', 'dd6d3514-4f70-4b66-9c2a-76785d72066a', NULL, '2025-08-18 18:29:40.54177', NULL, NULL, true, '{"body": {"text": "Hi this is a sample image template"}, "footer": "this is a test image template", "header": {"text": "Hello"}, "buttons": [{"text": "Link", "type": "URL"}]}', NULL, 'outbound', '44b57acf-bc18-4dcd-a1dc-e73a2dbefca9', '''+971555606707'':26 ''bodi'':1 ''button'':20 ''footer'':10 ''header'':17 ''hello'':19 ''hi'':3 ''imag'':8,15 ''link'':22 ''sampl'':7 ''templat'':9,16 ''test'':14 ''text'':2,18,21 ''type'':23 ''url'':24 ''vincent'':25'),
	('a6f8c753-c5df-47cb-ab7d-777d5adca076', '{"to": "971555606707", "body": {"name": "hello_ryan", "language": {"code": "en", "policy": "deterministic"}, "components": [{"type": "HEADER", "parameters": [{"text": "Ryan", "type": "TEXT", "parameter_name": "name"}]}]}}', NULL, '290a0942-e74f-4c84-a735-88b2d77d8af9', true, NULL, 'wamid.HBgMOTcxNTU1NjA2NzA3FQIAERgSMTZDMUNDNjI2Qjc1OTM0QzY4AA==', 'delivered', 'dd6d3514-4f70-4b66-9c2a-76785d72066a', NULL, '2025-08-19 05:35:41.569555', NULL, NULL, true, '{"body": {"text": "This is a test message for named variable"}, "footer": "This is a test message", "header": {"text": "Hi Ryan"}}', NULL, 'outbound', '44b57acf-bc18-4dcd-a1dc-e73a2dbefca9', '''+971555606707'':22 ''bodi'':1 ''footer'':11 ''header'':17 ''hi'':19 ''messag'':7,16 ''name'':9 ''ryan'':20 ''test'':6,15 ''text'':2,18 ''variabl'':10 ''vincent'':21'),
	('8229636f-cda0-4e2a-99a4-4afb34b5ad30', '{"to": "971555606707", "body": {"name": "test_url_btn", "language": {"code": "en", "policy": "deterministic"}, "components": []}}', NULL, '290a0942-e74f-4c84-a735-88b2d77d8af9', true, NULL, 'wamid.HBgMOTcxNTU1NjA2NzA3FQIAERgSRjlCQTM5NTUxOUY2Nzc1MkM4AA==', 'delivered', 'dd6d3514-4f70-4b66-9c2a-76785d72066a', NULL, '2025-08-19 05:58:17.833177', NULL, 'e09d2884-133d-4d3c-b2a6-56166e15f6a2', true, '{"body": {"text": "Hi this is a sample image template"}, "footer": "this is a test image template", "header": {"text": "Hello"}, "buttons": [{"text": "Link", "type": "URL"}]}', NULL, 'outbound', '44b57acf-bc18-4dcd-a1dc-e73a2dbefca9', '''+971555606707'':26 ''bodi'':1 ''button'':20 ''footer'':10 ''header'':17 ''hello'':19 ''hi'':3 ''imag'':8,15 ''link'':22 ''sampl'':7 ''templat'':9,16 ''test'':14 ''text'':2,18,21 ''type'':23 ''url'':24 ''vincent'':25'),
	('5b8bb4f6-4600-4454-a148-23c42fadaea6', '{"to": "971555159405", "body": {"name": "test_url_btn", "language": {"code": "en", "policy": "deterministic"}, "components": []}}', NULL, 'f1c7086d-faaf-4e13-955d-fb938e2e8aca', true, NULL, 'wamid.HBgMOTcxNTU1MTU5NDA1FQIAERgSRjdCRUQxQThCQjczODYxQTgwAA==', 'delivered', 'dd6d3514-4f70-4b66-9c2a-76785d72066a', NULL, '2025-08-19 05:58:18.870695', NULL, 'e09d2884-133d-4d3c-b2a6-56166e15f6a2', true, '{"body": {"text": "Hi this is a sample image template"}, "footer": "this is a test image template", "header": {"text": "Hello"}, "buttons": [{"text": "Link", "type": "URL"}]}', NULL, 'outbound', '44b57acf-bc18-4dcd-a1dc-e73a2dbefca9', '''+971555159405'':26 ''bodi'':1 ''button'':20 ''footer'':10 ''header'':17 ''hello'':19 ''hi'':3 ''imag'':8,15 ''link'':22 ''sampl'':7 ''shan'':25 ''templat'':9,16 ''test'':14 ''text'':2,18,21 ''type'':23 ''url'':24');


--
-- Data for Name: events; Type: TABLE DATA; Schema: public; Owner: postgres
--



--
-- Data for Name: file_attachment; Type: TABLE DATA; Schema: public; Owner: postgres
--



--
-- Data for Name: invitations; Type: TABLE DATA; Schema: public; Owner: postgres
--



--
-- Data for Name: leads; Type: TABLE DATA; Schema: public; Owner: postgres
--



--
-- Data for Name: list_views; Type: TABLE DATA; Schema: public; Owner: postgres
--



--
-- Data for Name: outbox; Type: TABLE DATA; Schema: public; Owner: postgres
--



--
-- Data for Name: tags; Type: TABLE DATA; Schema: public; Owner: postgres
--

INSERT INTO "public"."tags" ("id", "updated_at", "created_at", "deleted_at", "name", "team_id") VALUES
	('c2167baa-2e10-4344-8377-21a1be321c29', NULL, '2025-06-15 09:21:27.951141', NULL, 'new', 'f89e95e0-e317-4e7b-a319-7b4755c6bb75'),
	('89357a58-7179-4fab-a057-e8c70dfaa0cf', NULL, '2025-06-15 09:21:27.951141', NULL, 'vip', 'f89e95e0-e317-4e7b-a319-7b4755c6bb75'),
	('5e5c2625-b43f-40cb-b830-b51a5e422f9c', NULL, '2025-06-15 09:21:27.951141', NULL, 'prospect', 'f89e95e0-e317-4e7b-a319-7b4755c6bb75'),
	('44c83946-1437-4811-bb9e-371ac0a8fd43', NULL, '2025-06-15 09:21:27.951141', NULL, 'newsletter', 'f89e95e0-e317-4e7b-a319-7b4755c6bb75'),
	('59c6054f-8590-4bcb-bf99-385ac5ea522d', NULL, '2025-06-15 09:21:27.951141', NULL, 'follow-up', 'f89e95e0-e317-4e7b-a319-7b4755c6bb75'),
	('e5d50a98-9ebd-4b32-ae84-75139c62d268', NULL, '2025-06-15 09:21:27.951141', NULL, 'important', 'f89e95e0-e317-4e7b-a319-7b4755c6bb75'),
	('5de84a64-29dd-4075-9eca-97d0e1067cd6', NULL, '2025-06-15 19:23:45.393833', NULL, 'Test', 'f89e95e0-e317-4e7b-a319-7b4755c6bb75'),
	('3dc263a2-b328-41a4-8179-44adce2220e0', NULL, '2025-06-26 08:29:53.547045', NULL, 'Test', 'dd6d3514-4f70-4b66-9c2a-76785d72066a'),
	('ebcc923f-b667-48e0-a648-006142f8cf0d', NULL, '2025-07-25 07:29:31.418901', NULL, 'Dev Testing', 'dd6d3514-4f70-4b66-9c2a-76785d72066a');


--
-- Data for Name: team_invitations; Type: TABLE DATA; Schema: public; Owner: postgres
--



--
-- Data for Name: team_member_limits; Type: TABLE DATA; Schema: public; Owner: postgres
--



--
-- Data for Name: team_members; Type: TABLE DATA; Schema: public; Owner: postgres
--

INSERT INTO "public"."team_members" ("id", "user_id", "organization_id", "role", "joined_at", "created_at", "deleted_at", "updated_at", "whatsapp_limit") VALUES
	('d371fa3c-2d95-4b48-ad37-608099e6a64d', 'f9de8a5a-8933-42f9-9561-020d9346a3c4', 'f89e95e0-e317-4e7b-a319-7b4755c6bb75', 'owner', '2025-06-15 09:21:27.94242', '2025-07-31 06:12:24.651883', NULL, NULL, 1000),
	('1f5d546a-9160-4720-8aab-4716c55b40e2', '5af83d73-67b2-45c9-9c8b-41c20f282c4c', '09478757-a229-4209-91a7-4d7a8c3202f1', 'owner', '2025-06-15 19:26:20.256969', '2025-07-31 06:12:24.651883', NULL, NULL, 1000),
	('3dbb0991-f21e-4f90-81aa-163e077f9cff', '44b57acf-bc18-4dcd-a1dc-e73a2dbefca9', 'dd6d3514-4f70-4b66-9c2a-76785d72066a', 'owner', '2025-06-18 12:16:12.996191', '2025-07-31 06:12:24.651883', NULL, NULL, 1000),
	('b502bb83-c01b-404f-a641-857828bcb89a', 'e2589b20-b884-4379-806b-bc49309561c0', 'b4a4d8ea-d104-4ff5-8be6-e2af8bd29dc0', 'owner', '2025-06-26 07:20:03.46795', '2025-07-31 06:12:24.651883', NULL, NULL, 1000);


--
-- Data for Name: team_members_usage_tracking; Type: TABLE DATA; Schema: public; Owner: postgres
--



--
-- Data for Name: templates; Type: TABLE DATA; Schema: public; Owner: postgres
--

INSERT INTO "public"."templates" ("id", "name", "content", "updated_at", "created_at", "deleted_at", "team_id") VALUES
	('template_ec146010-efe7-483b-9137-044f327953e5', 'shann_tem', '{"id": "template_ec146010-efe7-483b-9137-044f327953e5", "meta": {"id": "1455710085361578", "status": "PENDING", "createdAt": "2025-07-30T10:16:52.101Z", "submittedAt": "2025-07-30T10:17:11.535Z"}, "name": "shann_tem", "status": "PENDING", "category": "MARKETING", "language": "en", "components": [{"text": "Hello Testing", "type": "BODY"}], "parameter_format": "POSITIONAL"}', '2025-07-30 10:17:11.953', '2025-07-30 10:16:49.26675', NULL, 'dd6d3514-4f70-4b66-9c2a-76785d72066a'),
	('1086899940005075', 'hello_ingenious', '{"id": "1086899940005075", "name": "hello_ingenious", "status": "APPROVED", "category": "MARKETING", "language": "en", "components": [{"text": "{{intro}}", "type": "HEADER", "format": "TEXT", "example": {"header_text_named_params": [{"example": "Hi", "param_name": "intro"}]}}, {"text": "Hello", "type": "BODY"}, {"text": "This is a sample message. Please ignore", "type": "FOOTER"}], "sub_category": "CUSTOM", "parameter_format": "NAMED"}', NULL, '2025-06-18 12:45:22.142144', NULL, 'f89e95e0-e317-4e7b-a319-7b4755c6bb75'),
	('1230279955391836', 'hello_ryan', '{"id": "1230279955391836", "name": "hello_ryan", "status": "APPROVED", "category": "MARKETING", "language": "en", "components": [{"text": "Hi {{name}}", "type": "HEADER", "format": "TEXT", "example": {"header_text_named_params": [{"example": "Test Update", "param_name": "name"}]}}, {"text": "This is a test message for named variable", "type": "BODY"}, {"text": "This is a test message", "type": "FOOTER"}, {"type": "BUTTONS", "buttons": [{"text": "Quick Reply", "type": "QUICK_REPLY"}]}], "parameter_format": "NAMED"}', NULL, '2025-06-26 08:53:10.929107', NULL, 'dd6d3514-4f70-4b66-9c2a-76785d72066a'),
	('1291261479323998', 'sample_clickable_image', '{"id": "1291261479323998", "name": "sample_clickable_image", "status": "REJECTED", "category": "MARKETING", "language": "en", "components": [{"type": "HEADER", "format": "IMAGE"}, {"text": "Hi this is a sample image template 12", "type": "BODY"}, {"text": "this is a test image template23", "type": "FOOTER"}, {"type": "BUTTONS", "buttons": [{"text": "Subscribe", "type": "QUICK_REPLY"}, {"text": "sdaf", "type": "QUICK_REPLY"}]}], "parameter_format": "POSITIONAL"}', '2025-08-26 10:21:24.875', '2025-08-14 10:43:28.888343', NULL, 'dd6d3514-4f70-4b66-9c2a-76785d72066a'),
	('758447820108157', 'test_campign', '{"id": "758447820108157", "name": "test_campign", "status": "REJECTED", "category": "MARKETING", "language": "en", "components": [{"text": "Tests", "type": "HEADER", "format": "TEXT"}, {"text": "hello this is ingernous digital marketing {{1}}", "type": "BODY", "example": {"body_text": [["mANAGEMENT"]]}}, {"text": "test", "type": "FOOTER"}], "parameter_format": "POSITIONAL"}', NULL, '2025-08-20 08:53:31.930502', NULL, 'dd6d3514-4f70-4b66-9c2a-76785d72066a'),
	('template_1412ef54-b898-454b-a5c4-2dbb4d5833f0', 'shann_test', '{"id": "template_1412ef54-b898-454b-a5c4-2dbb4d5833f0", "meta": {"id": "1243770150825648", "status": "PENDING", "createdAt": "2025-07-30T10:49:17.797Z", "submittedAt": "2025-07-30T10:49:35.334Z"}, "name": "shann_test", "status": "PENDING", "category": "MARKETING", "language": "en", "components": [{"text": "Tests", "type": "BODY"}], "parameter_format": "POSITIONAL"}', '2025-07-30 10:49:35.76', '2025-07-30 10:49:14.760602', NULL, 'dd6d3514-4f70-4b66-9c2a-76785d72066a'),
	('789356550423216', 'img_test', '{"id": "789356550423216", "name": "img_test", "status": "APPROVED", "category": "MARKETING", "language": "en", "components": [{"type": "HEADER", "format": "IMAGE", "example": {"header_handle": ["https://scontent.whatsapp.net/v/t61.29466-34/518638664_789356553756549_1433007878263859315_n.png?ccb=1-7&_nc_sid=8b1bef&_nc_ohc=EnyHyhiOhGQQ7kNvwH0YrYy&_nc_oc=AdluMC6ywNLi9DelUo3Ca6Jn9MAqJZAqd7OcsyxhkbyxbisSl8CbMFWVAyk3tZiLLLw&_nc_zt=3&_nc_ht=scontent.whatsapp.net&edm=AH51TzQEAAAA&_nc_gid=iSDiPDW7Ngz5HqlhebywWA&oh=01_Q5Aa2AGR75Q2htsicDU0OxPR5ggeouELssU5bglt0-2vIS4b9g&oe=68BAA299"]}}, {"text": "hello hi", "type": "BODY"}, {"type": "BUTTONS", "buttons": [{"text": "Quick Reply", "type": "QUICK_REPLY"}]}], "sub_category": "CUSTOM", "parameter_format": "POSITIONAL"}', '2025-08-25 10:28:07.776', '2025-08-06 11:15:17.895563', NULL, 'dd6d3514-4f70-4b66-9c2a-76785d72066a'),
	('template_189c30df-480c-48a0-9c9b-8da29d062d0e', 'ingenious_test', '{"id": "template_189c30df-480c-48a0-9c9b-8da29d062d0e", "meta": {"id": "608881108929658", "status": "PENDING", "createdAt": "2025-07-31T08:02:49.535Z", "submittedAt": "2025-07-31T08:02:55.958Z"}, "name": "ingenious_test", "status": "PENDING", "category": "MARKETING", "language": "en", "components": [{"text": "Testing mock", "type": "BODY"}], "parameter_format": "POSITIONAL"}', '2025-07-31 08:02:56.392', '2025-07-31 08:02:47.441521', NULL, 'dd6d3514-4f70-4b66-9c2a-76785d72066a'),
	('9414338475280486', 'ingenious_digital_marketing', '{"id": "9414338475280486", "name": "ingenious_digital_marketing", "status": "APPROVED", "category": "MARKETING", "language": "en", "components": [{"text": "Hi there!", "type": "HEADER", "format": "TEXT"}, {"text": "Welcome to Ingenious Digital Marketing Management — your trusted partner for Digital Marketing, SEO, Social Media Management, and Branding & Design.\n\nWe’re excited to help your business grow! 🚀\nPlease choose a service to get started 👇", "type": "BODY"}, {"type": "BUTTONS", "buttons": [{"text": "View Services", "type": "FLOW", "flow_id": 566734995823442, "flow_action": "NAVIGATE", "navigate_screen": "WELCOME"}]}], "sub_category": "FORM", "parameter_format": "POSITIONAL"}', NULL, '2025-06-26 08:53:10.929107', NULL, 'dd6d3514-4f70-4b66-9c2a-76785d72066a'),
	('template_2dea052b-3db7-4bbc-96db-d931572d2842', 'john_doe', '{"id": "template_2dea052b-3db7-4bbc-96db-d931572d2842", "meta": {"id": "1938783220204977", "status": "PENDING", "createdAt": "2025-07-29T10:58:20.917Z", "submittedAt": "2025-07-29T10:58:30.037Z"}, "name": "john_doe", "status": "PENDING", "category": "MARKETING", "language": "en", "components": [{"text": "Hello", "type": "BODY"}], "parameter_format": "POSITIONAL"}', '2025-07-29 10:58:30.454', '2025-07-29 10:58:18.007115', NULL, 'dd6d3514-4f70-4b66-9c2a-76785d72066a'),
	('759236149844118', 'test_1', '{"id": "759236149844118", "name": "test_1", "status": "APPROVED", "category": "MARKETING", "language": "en", "components": [{"text": "sadf", "type": "BODY"}], "parameter_format": "POSITIONAL"}', NULL, '2025-08-06 11:15:17.895563', NULL, 'dd6d3514-4f70-4b66-9c2a-76785d72066a'),
	('767668035848242', 'client_template_2_aug_04', '{"id": "767668035848242", "name": "client_template_2_aug_04", "status": "APPROVED", "category": "MARKETING", "language": "en", "components": [{"text": "Template message", "type": "BODY"}], "parameter_format": "POSITIONAL"}', NULL, '2025-08-06 11:15:17.895563', NULL, 'dd6d3514-4f70-4b66-9c2a-76785d72066a'),
	('1764870118244660', 'test_template_july', '{"id": "1764870118244660", "name": "test_template_july", "status": "APPROVED", "category": "MARKETING", "language": "en", "components": [{"text": "Message from Shan", "type": "HEADER", "format": "TEXT"}, {"text": "Hello How are you", "type": "BODY"}, {"text": "End", "type": "FOOTER"}, {"type": "BUTTONS", "buttons": [{"text": "Phone Number", "type": "PHONE_NUMBER", "phone_number": "+971555159405"}]}], "parameter_format": "POSITIONAL"}', NULL, '2025-08-06 11:15:17.895563', NULL, 'dd6d3514-4f70-4b66-9c2a-76785d72066a'),
	('3716826498609879', 'this_is_a_test_creation_template', '{"id": "3716826498609879", "name": "this_is_a_test_creation_template", "status": "APPROVED", "category": "MARKETING", "language": "en", "components": [{"text": "test this created template on api", "type": "BODY"}], "parameter_format": "POSITIONAL"}', NULL, '2025-08-06 11:15:17.895563', NULL, 'dd6d3514-4f70-4b66-9c2a-76785d72066a'),
	('1243770150825648', 'shann_test', '{"id": "1243770150825648", "name": "shann_test", "status": "APPROVED", "category": "MARKETING", "language": "en", "components": [{"text": "Tests", "type": "BODY"}], "parameter_format": "POSITIONAL"}', NULL, '2025-08-06 11:15:17.895563', NULL, 'dd6d3514-4f70-4b66-9c2a-76785d72066a'),
	('1455710085361578', 'shann_tem', '{"id": "1455710085361578", "name": "shann_tem", "status": "APPROVED", "category": "MARKETING", "language": "en", "components": [{"text": "Hello Testing", "type": "BODY"}], "parameter_format": "POSITIONAL"}', NULL, '2025-08-06 11:15:17.895563', NULL, 'dd6d3514-4f70-4b66-9c2a-76785d72066a'),
	('1692179734795083', 'test_imgg', '{"id": "1692179734795083", "name": "test_imgg", "status": "APPROVED", "category": "MARKETING", "language": "en", "components": [{"text": "hello hi", "type": "BODY"}, {"text": "testingggg", "type": "FOOTER"}, {"type": "BUTTONS", "buttons": [{"text": "ing", "type": "PHONE_NUMBER", "phone_number": "+971555159405"}, {"text": "sdaf", "type": "QUICK_REPLY"}]}], "parameter_format": "POSITIONAL"}', '2025-08-25 10:17:47.844', '2025-08-11 08:08:46.98781', NULL, 'dd6d3514-4f70-4b66-9c2a-76785d72066a'),
	('1545669316869862', 'test_imgg_v2', '{"id": "1545669316869862", "name": "test_imgg_v2", "status": "APPROVED", "category": "MARKETING", "language": "en", "components": [{"text": "hello hhhhh", "type": "BODY"}, {"text": "testingggg", "type": "FOOTER"}, {"type": "BUTTONS", "buttons": [{"text": "ing", "type": "PHONE_NUMBER", "phone_number": "+971555159405"}, {"text": "sdaf", "type": "QUICK_REPLY"}]}], "parameter_format": "POSITIONAL"}', NULL, '2025-08-25 10:16:38.140762', NULL, 'dd6d3514-4f70-4b66-9c2a-76785d72066a'),
	('1106430104422901', 'test_imgg_test', '{"id": "1106430104422901", "name": "test_imgg_test", "status": "APPROVED", "category": "MARKETING", "language": "en", "components": [{"text": "hello hi", "type": "BODY"}, {"text": "testingggg", "type": "FOOTER"}, {"type": "BUTTONS", "buttons": [{"text": "ing", "type": "PHONE_NUMBER", "phone_number": "+971555159405"}, {"text": "TEST", "type": "QUICK_REPLY"}]}], "parameter_format": "POSITIONAL"}', NULL, '2025-08-25 10:09:18.601952', NULL, 'dd6d3514-4f70-4b66-9c2a-76785d72066a'),
	('24189043154109943', 'sample_image_template_on_api', '{"id": "24189043154109943", "name": "sample_image_template_on_api", "status": "APPROVED", "category": "MARKETING", "language": "en", "components": [{"type": "HEADER", "format": "IMAGE", "example": {"header_handle": ["https://scontent.whatsapp.net/v/t61.29466-34/518458855_24189043164109942_6315685128357119272_n.jpg?ccb=1-7&_nc_sid=8b1bef&_nc_ohc=fHhI9eulEkQQ7kNvwF8yPYp&_nc_oc=AdmjDrKeSi3abnc07rryfTfLugPu09KLGF4eznRa_1SuEmMpbgotFUtEQprw5AP21Mc&_nc_zt=3&_nc_ht=scontent.whatsapp.net&edm=AH51TzQEAAAA&_nc_gid=tGqpMYtwWleJN0I-VHRXsA&oh=01_Q5Aa2QFsNxunHwjpchBIpuEVMcEs38a88RUf4GjAyb_adXsbKA&oe=68D8F4B2"]}}, {"text": "Hi this is a sample image template", "type": "BODY"}, {"text": "this is a test image template", "type": "FOOTER"}, {"type": "BUTTONS", "buttons": [{"text": "Call on WhatsApp", "type": "VOICE_CALL"}]}], "parameter_format": "POSITIONAL"}', '2025-08-22 10:11:39.918', '2025-08-11 08:08:46.98781', NULL, 'dd6d3514-4f70-4b66-9c2a-76785d72066a'),
	('739435335597865', 'this_is_a_test_on_header_change', '{"id": "739435335597865", "name": "this_is_a_test_on_header_change", "status": "APPROVED", "category": "MARKETING", "language": "en", "components": [{"type": "HEADER", "format": "IMAGE", "example": {"header_handle": ["https://scontent.whatsapp.net/v/t61.29466-34/514250216_739435338931198_7879312075157503887_n.jpg?ccb=1-7&_nc_sid=8b1bef&_nc_ohc=ym7-vX8GjuIQ7kNvwHA703L&_nc_oc=Adlu5VT-5sOT0qcXXImB-nKpptqZRTsyh23tFRzsmEWOv3gTpVzSliA9FoJB5KDJLYQ&_nc_zt=3&_nc_ht=scontent.whatsapp.net&edm=AH51TzQEAAAA&_nc_gid=tGqpMYtwWleJN0I-VHRXsA&oh=01_Q5Aa2QFtYEIavy2AxZPC06tLeLSFC_JniquAReWnEm7fXoZTrg&oe=68D90F75"]}}, {"text": "Hi this is a sample image template", "type": "BODY"}, {"text": "this is a test image template", "type": "FOOTER"}], "parameter_format": "POSITIONAL"}', NULL, '2025-08-20 08:53:31.930502', NULL, 'dd6d3514-4f70-4b66-9c2a-76785d72066a'),
	('1141584521153784', 'image_demo_carousel', '{"id": "1141584521153784", "name": "image_demo_carousel", "status": "REJECTED", "category": "MARKETING", "language": "en", "components": [{"text": "Hi this is {{1}}", "type": "BODY", "example": {"body_text": [["Shan"]]}}, {"type": "CAROUSEL", "cards": [{"components": [{"type": "HEADER", "format": "IMAGE", "example": {"header_handle": ["https://scontent.whatsapp.net/v/t61.29466-34/521473508_1785840138800367_6003149658371513647_n.jpg?ccb=1-7&_nc_sid=a80384&_nc_ohc=LMqZS2venfIQ7kNvwHQXn92&_nc_oc=Adnn0YySNkCWVPluSf5z8yNyU0NF2xiTDvJSi2tjcHAREvVzU5IbmyWj63veUYDtTqo&_nc_zt=3&_nc_ht=scontent.whatsapp.net&edm=AH51TzQEAAAA&_nc_gid=tGqpMYtwWleJN0I-VHRXsA&oh=01_Q5Aa2QGXdGD6te3Pd72XQK8YRGbGt4n4FoCrSZfbtmlQrQxafw&oe=68D8F7DB"]}}, {"type": "BUTTONS", "buttons": [{"text": "this is start", "type": "QUICK_REPLY"}, {"text": "this is end", "type": "QUICK_REPLY"}]}]}, {"components": [{"type": "HEADER", "format": "IMAGE", "example": {"header_handle": ["https://scontent.whatsapp.net/v/t61.29466-34/534427033_1938426883589115_2212601911112581028_n.jpg?ccb=1-7&_nc_sid=a80384&_nc_ohc=PMwHbDxvQIYQ7kNvwH8P0UR&_nc_oc=AdmJtEXlFImm4z14LExvOrXG576CkqtEiw9fCgxalGU5KxqmXDfporegail1FnK9y6I&_nc_zt=3&_nc_ht=scontent.whatsapp.net&edm=AH51TzQEAAAA&_nc_gid=tGqpMYtwWleJN0I-VHRXsA&oh=01_Q5Aa2QGaRhcT7HvnklxqFHCZihtccsawBevAKeFJu-Qjy9lDIg&oe=68D8F0AD"]}}, {"type": "BUTTONS", "buttons": [{"text": "this is an other 1st", "type": "QUICK_REPLY"}, {"text": "this is another 2nd", "type": "QUICK_REPLY"}]}]}]}], "parameter_format": "POSITIONAL"}', NULL, '2025-08-20 08:53:31.930502', NULL, 'dd6d3514-4f70-4b66-9c2a-76785d72066a'),
	('1103208154569944', 'dynamic_url_button', '{"id": "1103208154569944", "name": "dynamic_url_button", "status": "APPROVED", "category": "MARKETING", "language": "en", "components": [{"text": "Hello this is a sample test message for the button", "type": "BODY"}, {"text": "This is a sample test message", "type": "FOOTER"}, {"type": "BUTTONS", "buttons": [{"url": "https://ingeniousuae.com/{{1}}", "text": "Visit website", "type": "URL", "example": ["https://ingeniousuae.com/"]}]}], "sub_category": "CUSTOM", "parameter_format": "POSITIONAL"}', NULL, '2025-08-22 09:15:26.822784', NULL, 'dd6d3514-4f70-4b66-9c2a-76785d72066a'),
	('template_fb07a4b3-cb1e-4cde-9c0b-1763356aaaf6', 'test_template_july', '{"id": "template_fb07a4b3-cb1e-4cde-9c0b-1763356aaaf6", "meta": {"id": "1764870118244660", "status": "PENDING", "createdAt": "2025-07-31T10:57:21.892Z", "submittedAt": "2025-07-31T10:57:31.173Z"}, "name": "test_template_july", "status": "PENDING", "category": "MARKETING", "language": "en", "components": [{"text": "Message from Shan", "type": "HEADER", "format": "TEXT"}, {"text": "Hello How are you", "type": "BODY", "example": {"body_text": []}}, {"text": "End", "type": "FOOTER"}, {"type": "BUTTONS", "buttons": [{"text": "Phone Number", "type": "PHONE_NUMBER", "phone_number": "+971555159405"}]}], "parameter_format": "POSITIONAL"}', '2025-07-31 10:57:31.592', '2025-07-31 10:57:19.557058', NULL, 'dd6d3514-4f70-4b66-9c2a-76785d72066a'),
	('1515210209533878', 'this_is_a_demo_aug19', '{"id": "1515210209533878", "name": "this_is_a_demo_aug19", "status": "APPROVED", "category": "MARKETING", "language": "en", "components": [{"type": "HEADER", "format": "IMAGE", "example": {"header_handle": ["https://scontent.whatsapp.net/v/t61.29466-34/505419344_1515210212867211_1311236999437617357_n.jpg?ccb=1-7&_nc_sid=8b1bef&_nc_ohc=uWmRnQTUrgAQ7kNvwFDMRbE&_nc_oc=AdnvArmhEWz0MiVzC5UZ-xsLcer3XLALYiB0BzpUNsc1p90yYs8clKBh8PCE12rlqZo&_nc_zt=3&_nc_ht=scontent.whatsapp.net&edm=AH51TzQEAAAA&_nc_gid=tGqpMYtwWleJN0I-VHRXsA&oh=01_Q5Aa2QHx8GfktcrkZNVy_sUaXYS58NFQGaxv1iyyDxkTmcCGzw&oe=68D8F63B"]}}, {"text": "Hi this is a sample image template", "type": "BODY"}, {"text": "this is a test image template", "type": "FOOTER"}, {"type": "BUTTONS", "buttons": [{"text": "Quick Reply", "type": "QUICK_REPLY"}]}], "parameter_format": "POSITIONAL"}', NULL, '2025-08-20 08:53:31.930502', NULL, 'dd6d3514-4f70-4b66-9c2a-76785d72066a'),
	('608881108929658', 'ingenious_test', '{"id": "608881108929658", "name": "ingenious_test", "status": "APPROVED", "category": "MARKETING", "language": "en", "components": [{"text": "Testing mock", "type": "BODY"}], "parameter_format": "POSITIONAL"}', NULL, '2025-08-06 11:15:17.895563', NULL, 'dd6d3514-4f70-4b66-9c2a-76785d72066a'),
	('493480673756270', 'test_image_template', '{"id": "493480673756270", "name": "test_image_template", "status": "APPROVED", "category": "MARKETING", "language": "en", "components": [{"type": "HEADER", "format": "IMAGE", "example": {"header_handle": ["https://scontent.whatsapp.net/v/t61.29466-34/491866719_493480677089603_2788454423942373823_n.png?ccb=1-7&_nc_sid=8b1bef&_nc_ohc=CjE31Bcq1ooQ7kNvwGJ6LV4&_nc_oc=Adniw5UkRDIK8m6jq8kVXmfQu5m6PfQGwoRbdmJ8aRQ_wJqLkOk2j9_N8H-vL2tU7Bg&_nc_zt=3&_nc_ht=scontent.whatsapp.net&edm=AH51TzQEAAAA&_nc_gid=tGqpMYtwWleJN0I-VHRXsA&oh=01_Q5Aa2QEc-YHllJHZNpjn3Ep7QFnFRWq8CcO9ivSWRxSTvarjGg&oe=68D91568"]}}, {"text": "Hello Everybody", "type": "BODY"}, {"text": "this is a test template for webhook", "type": "FOOTER"}, {"type": "BUTTONS", "buttons": [{"text": "Quick Reply", "type": "QUICK_REPLY"}, {"url": "https://ingeniousuae.com/", "text": "Visit website", "type": "URL"}]}], "parameter_format": "POSITIONAL"}', NULL, '2025-06-26 08:53:10.929107', NULL, 'dd6d3514-4f70-4b66-9c2a-76785d72066a'),
	('1071045325157949', 'sample_header_change_template_on_api', '{"id": "1071045325157949", "name": "sample_header_change_template_on_api", "status": "APPROVED", "category": "MARKETING", "language": "en", "components": [{"type": "HEADER", "format": "IMAGE", "example": {"header_handle": ["https://scontent.whatsapp.net/v/t61.29466-34/491844491_1071045328491282_8489369239032195173_n.jpg?ccb=1-7&_nc_sid=8b1bef&_nc_ohc=Dgw-tnKPjHsQ7kNvwFuN32V&_nc_oc=AdnB2XeQPBUps0ia8Vyj9vREdQBP4TukDH6mtYix377kQDjpgecShyjRyiLo6zCtggE&_nc_zt=3&_nc_ht=scontent.whatsapp.net&edm=AH51TzQEAAAA&_nc_gid=tGqpMYtwWleJN0I-VHRXsA&oh=01_Q5Aa2QFptdN2wMJbIZnhvZii4ARGKEoNSWPtk2Po3zGgRfe1yw&oe=68D912E8"]}}, {"text": "Hi this is a sample image template", "type": "BODY"}, {"text": "this is a test image template", "type": "FOOTER"}, {"type": "BUTTONS", "buttons": [{"text": "Quick Reply", "type": "QUICK_REPLY"}, {"text": "Copy offer code", "type": "COPY_CODE", "example": ["1234"]}]}], "parameter_format": "POSITIONAL"}', NULL, '2025-08-20 08:53:31.930502', NULL, 'dd6d3514-4f70-4b66-9c2a-76785d72066a'),
	('1095416249226039', 'demo_carousel_api', '{"id": "1095416249226039", "name": "demo_carousel_api", "status": "APPROVED", "category": "MARKETING", "language": "en", "components": [{"text": "This is a a sample template", "type": "BODY"}, {"type": "CAROUSEL", "cards": [{"components": [{"type": "HEADER", "format": "IMAGE", "example": {"header_handle": ["https://scontent.whatsapp.net/v/t61.29466-34/534415283_1262321261794783_4913746420815483016_n.jpg?ccb=1-7&_nc_sid=a80384&_nc_ohc=8yJglD5N810Q7kNvwFm41iV&_nc_oc=Adn8_STGOuAc7goOSfVYmFcIASDERq7QbFbO7nJ_wh8wjhBRc-dxr5p7suBWaXDrJUk&_nc_zt=3&_nc_ht=scontent.whatsapp.net&edm=AH51TzQEAAAA&_nc_gid=tGqpMYtwWleJN0I-VHRXsA&oh=01_Q5Aa2QFac9QTRhP7fWrDgjyiu4gf6ERnm-u2NxPx4cFv0VvnBg&oe=68D90515"]}}, {"type": "BUTTONS", "buttons": [{"text": "Quick Reply", "type": "QUICK_REPLY"}]}]}, {"components": [{"type": "HEADER", "format": "IMAGE", "example": {"header_handle": ["https://scontent.whatsapp.net/v/t61.29466-34/534424919_1481736489696719_1271224908733795688_n.jpg?ccb=1-7&_nc_sid=a80384&_nc_ohc=I4IACODaPCcQ7kNvwGsq44o&_nc_oc=AdkHBvvyRVNIXYa1kavyZ181P-4H7osq-1Q5aEOccph9GASTYNKinXFA52L-q5VeQuQ&_nc_zt=3&_nc_ht=scontent.whatsapp.net&edm=AH51TzQEAAAA&_nc_gid=tGqpMYtwWleJN0I-VHRXsA&oh=01_Q5Aa2QFGh4nevojE6UaxRrhHJnQV3aYJKrblzskqG1u2-iVDAQ&oe=68D9095E"]}}, {"type": "BUTTONS", "buttons": [{"text": "Reply", "type": "QUICK_REPLY"}]}]}]}], "parameter_format": "POSITIONAL"}', NULL, '2025-08-20 08:53:31.930502', NULL, 'dd6d3514-4f70-4b66-9c2a-76785d72066a'),
	('1491330198945911', 'aadi', '{"id": "1491330198945911", "name": "aadi", "status": "APPROVED", "category": "MARKETING", "language": "en", "components": [{"text": "Aadi Mughal", "type": "BODY"}], "parameter_format": "POSITIONAL"}', NULL, '2025-08-06 11:15:17.895563', NULL, 'dd6d3514-4f70-4b66-9c2a-76785d72066a'),
	('1218558289954489', 'test_imgge', '{"id": "1218558289954489", "name": "test_imgge", "status": "APPROVED", "category": "MARKETING", "language": "en", "components": [{"text": "hello hi", "type": "BODY"}, {"text": "testingggg", "type": "FOOTER"}, {"type": "BUTTONS", "buttons": [{"text": "ing", "type": "PHONE_NUMBER", "phone_number": "+971555159405"}, {"text": "sdaf", "type": "QUICK_REPLY"}]}], "parameter_format": "POSITIONAL"}', NULL, '2025-08-25 06:50:03.24186', NULL, 'dd6d3514-4f70-4b66-9c2a-76785d72066a'),
	('1053582363225892', 'test', '{"id": "1053582363225892", "name": "test", "status": "APPROVED", "category": "MARKETING", "language": "en", "components": [{"text": "Hi this is a sample image template", "type": "BODY"}, {"type": "BUTTONS", "buttons": [{"text": "Unsubscribe", "type": "QUICK_REPLY"}]}], "parameter_format": "POSITIONAL"}', NULL, '2025-08-14 10:43:28.888343', NULL, 'dd6d3514-4f70-4b66-9c2a-76785d72066a'),
	('777484511668219', 'this_is_a_test_on_header_navigate', '{"id": "777484511668219", "name": "this_is_a_test_on_header_navigate", "status": "APPROVED", "category": "MARKETING", "language": "en", "components": [{"type": "HEADER", "format": "IMAGE", "example": {"header_handle": ["https://scontent.whatsapp.net/v/t61.29466-34/534415830_777484515001552_9052728405619426290_n.jpg?ccb=1-7&_nc_sid=8b1bef&_nc_ohc=WBsC-9XR-T0Q7kNvwGH16Bz&_nc_oc=Adl7HEOQkrVqBJT8QeqOf_B5Btr39nFp8TFxAhr8dOVKWdBuzPv6RdX8QPmhzII4IOc&_nc_zt=3&_nc_ht=scontent.whatsapp.net&edm=AH51TzQEAAAA&_nc_gid=tGqpMYtwWleJN0I-VHRXsA&oh=01_Q5Aa2QGelJmeIuewqqXyOEKEh8bkobvtDc0mNnqfiHJi3j0N6Q&oe=68D91838"]}}, {"text": "Hi this is a sample image template", "type": "BODY"}, {"text": "this is a test image template", "type": "FOOTER"}], "parameter_format": "POSITIONAL"}', NULL, '2025-08-20 08:53:31.930502', NULL, 'dd6d3514-4f70-4b66-9c2a-76785d72066a'),
	('1339607504401587', 'image_demo_dubai', '{"id": "1339607504401587", "name": "image_demo_dubai", "status": "REJECTED", "category": "MARKETING", "language": "en", "components": [{"text": "Hi this is {{1}}", "type": "BODY", "example": {"body_text": [["Shan"]]}}, {"type": "CAROUSEL", "cards": [{"components": [{"type": "HEADER", "format": "IMAGE", "example": {"header_handle": ["https://scontent.whatsapp.net/v/t61.29466-34/516863794_1965808807325168_8850521095909746218_n.jpg?ccb=1-7&_nc_sid=a80384&_nc_ohc=nReK3f7ZM7sQ7kNvwGTqomE&_nc_oc=Adnt72UAlI5wk-WLgBRi0kVXQsPdWEYVs6zjc5NQUO6PJT45kpaoxosStgXfZ4Jgq-s&_nc_zt=3&_nc_ht=scontent.whatsapp.net&edm=AH51TzQEAAAA&_nc_gid=tGqpMYtwWleJN0I-VHRXsA&oh=01_Q5Aa2QEMMXkRiNLJ4xvGgR91ABG2cJo5SB7UyCFifWeY0Q-TLQ&oe=68D8F3CB"]}}, {"type": "BUTTONS", "buttons": [{"text": "this is start", "type": "QUICK_REPLY"}, {"text": "this is end", "type": "QUICK_REPLY"}]}]}, {"components": [{"type": "HEADER", "format": "IMAGE", "example": {"header_handle": ["https://scontent.whatsapp.net/v/t61.29466-34/536437472_1101372534792011_7973802797614912716_n.jpg?ccb=1-7&_nc_sid=a80384&_nc_ohc=knyAkMPjnYIQ7kNvwFeedAy&_nc_oc=AdkhnIz-rietnp9W6CfcwSNsTqoAdEAtrix_jaVedymFMFhk4pRG0LMVTkyvslbysqc&_nc_zt=3&_nc_ht=scontent.whatsapp.net&edm=AH51TzQEAAAA&_nc_gid=tGqpMYtwWleJN0I-VHRXsA&oh=01_Q5Aa2QFSp_QMiKH3CvF1c9rJfnPE0RaImpH0WnvGMI_eDVLNcg&oe=68D90298"]}}, {"type": "BUTTONS", "buttons": [{"text": "this is an other 1st", "type": "QUICK_REPLY"}, {"text": "this is another 2nd", "type": "QUICK_REPLY"}]}]}]}], "parameter_format": "POSITIONAL"}', NULL, '2025-08-20 08:53:31.930502', NULL, 'dd6d3514-4f70-4b66-9c2a-76785d72066a'),
	('1058971783110481', 'test_url_btn', '{"id": "1058971783110481", "name": "test_url_btn", "status": "APPROVED", "category": "MARKETING", "language": "en", "components": [{"text": "Hello test", "type": "HEADER", "format": "TEXT"}, {"text": "Hi this is a sample image template", "type": "BODY"}, {"text": "this is a test image template", "type": "FOOTER"}, {"type": "BUTTONS", "buttons": [{"url": "https://ingenious.ae/", "text": "Link", "type": "URL"}]}], "parameter_format": "POSITIONAL"}', NULL, '2025-08-14 10:43:28.888343', NULL, 'dd6d3514-4f70-4b66-9c2a-76785d72066a'),
	('758420683585610', 'test_campign_13435', '{"id": "758420683585610", "name": "test_campign_13435", "status": "REJECTED", "category": "MARKETING", "language": "en", "components": [{"text": "Tests", "type": "HEADER", "format": "TEXT"}, {"text": "hello this is ingernous digital marketing {{1}}", "type": "BODY", "example": {"body_text": [["mANAGEMENT"]]}}, {"text": "test", "type": "FOOTER"}], "parameter_format": "POSITIONAL"}', NULL, '2025-08-20 08:53:31.930502', NULL, 'dd6d3514-4f70-4b66-9c2a-76785d72066a'),
	('2162784367515302', 'hello_world', '{"id": "2162784367515302", "name": "hello_world", "status": "APPROVED", "category": "UTILITY", "language": "en_US", "components": [{"text": "Hello {{name}}", "type": "HEADER", "format": "TEXT", "example": {"header_text_named_params": [{"example": "World", "param_name": "name"}]}}, {"text": "Welcome and congratulations!! This message demonstrates your ability to send a WhatsApp message notification from the Cloud API, hosted by Meta. Thank you for taking the time to test with us.", "type": "BODY"}, {"text": "WhatsApp Business Platform sample message", "type": "FOOTER"}], "parameter_format": "NAMED"}', NULL, '2025-06-26 08:53:10.929107', NULL, 'dd6d3514-4f70-4b66-9c2a-76785d72066a'),
	('1374783090250396', 'text_custom_template', '{"id": "1374783090250396", "name": "text_custom_template", "status": "APPROVED", "category": "MARKETING", "language": "en", "components": [{"text": "This is a test template create on custom API", "type": "BODY"}], "parameter_format": "POSITIONAL"}', NULL, '2025-08-06 11:15:17.895563', NULL, 'dd6d3514-4f70-4b66-9c2a-76785d72066a'),
	('725492580311259', 'this_is_a_sample_template_on_api', '{"id": "725492580311259", "name": "this_is_a_sample_template_on_api", "status": "APPROVED", "category": "MARKETING", "language": "en", "components": [{"text": "Hi {{1}}", "type": "HEADER", "format": "TEXT", "example": {"header_text": ["Ingenious"]}}, {"text": "This is a sample template only, ignore this image {{1}}", "type": "BODY", "example": {"body_text": [["the body"]]}}, {"text": "This is a test template", "type": "FOOTER"}, {"type": "BUTTONS", "buttons": [{"text": "Quick Reply", "type": "QUICK_REPLY"}]}], "parameter_format": "POSITIONAL"}', NULL, '2025-08-11 08:08:46.98781', NULL, 'dd6d3514-4f70-4b66-9c2a-76785d72066a'),
	('656633810489827', 'meta_verification_demo', '{"id": "656633810489827", "name": "meta_verification_demo", "status": "APPROVED", "category": "MARKETING", "language": "en", "components": [{"text": "Meta Demo Verification [Test]", "type": "HEADER", "format": "TEXT"}, {"text": "Hello, this is a sample creation of meta business whatsapp message template", "type": "BODY"}, {"text": "If you want to stop receiving this message send STOP", "type": "FOOTER"}], "sub_category": "CUSTOM", "parameter_format": "POSITIONAL"}', NULL, '2025-06-26 08:53:10.929107', NULL, 'dd6d3514-4f70-4b66-9c2a-76785d72066a'),
	('1325650635163990', 'test_positional_header', '{"id": "1325650635163990", "name": "test_positional_header", "status": "APPROVED", "category": "MARKETING", "language": "en", "components": [{"text": "Hi {{1}}", "type": "HEADER", "format": "TEXT", "example": {"header_text": ["Ryan"]}}, {"text": "Hello, this is a test message. don''t send this to anyone.", "type": "BODY"}, {"text": "reply STOP to unsubscribe", "type": "FOOTER"}], "sub_category": "CUSTOM", "parameter_format": "POSITIONAL"}', NULL, '2025-06-26 08:53:10.929107', NULL, 'dd6d3514-4f70-4b66-9c2a-76785d72066a'),
	('4089976397912292', 'hello_shan', '{"id": "4089976397912292", "name": "hello_shan", "status": "APPROVED", "category": "MARKETING", "language": "en", "components": [{"text": "Hello", "type": "BODY"}], "sub_category": "CUSTOM", "parameter_format": "POSITIONAL"}', NULL, '2025-07-29 11:09:17.200954', NULL, 'dd6d3514-4f70-4b66-9c2a-76785d72066a'),
	('1724491788499382', '__default_wa_text_template', '{"id": "1724491788499382", "name": "__default_wa_text_template", "status": "APPROVED", "category": "MARKETING", "language": "en", "components": [{"text": "{{1}}\n\n```Reply *STOP* to unsubscribe```", "type": "BODY", "example": {"body_text": [["Hello this is a customizable text message _*Replace This*_"]]}}], "sub_category": "CUSTOM", "parameter_format": "POSITIONAL"}', NULL, '2025-06-26 08:53:10.929107', NULL, 'dd6d3514-4f70-4b66-9c2a-76785d72066a'),
	('1038390191549912', 'webhook_template', '{"id": "1038390191549912", "name": "webhook_template", "status": "APPROVED", "category": "MARKETING", "language": "en", "components": [{"text": "Hello", "type": "BODY"}], "sub_category": "CUSTOM", "parameter_format": "POSITIONAL"}', NULL, '2025-06-26 08:53:10.929107', NULL, 'dd6d3514-4f70-4b66-9c2a-76785d72066a'),
	('1779250052931824', 'ingenious', '{"id": "1779250052931824", "name": "ingenious", "status": "REJECTED", "category": "MARKETING", "language": "en", "components": [{"text": "Hello {{name}}!", "type": "BODY", "example": {"body_text_named_params": [{"example": "world", "param_name": "name"}]}}, {"type": "BUTTONS", "buttons": [{"text": "View Flow", "type": "FLOW", "flow_id": "24028651800055923", "flow_action": "NAVIGATE", "navigate_screen": "APPLICANTS"}]}], "parameter_format": "NAMED"}', NULL, '2025-06-26 08:53:10.929107', NULL, 'dd6d3514-4f70-4b66-9c2a-76785d72066a'),
	('676684824968465', 'test_document_template', '{"id": "676684824968465", "name": "test_document_template", "status": "APPROVED", "category": "MARKETING", "language": "en", "components": [{"type": "HEADER", "format": "DOCUMENT", "example": {"header_handle": ["https://scontent.whatsapp.net/v/t61.29466-34/491843508_676684828301798_7987360884387327976_n.pdf?ccb=1-7&_nc_sid=8b1bef&_nc_ohc=DBP0-eKmGJoQ7kNvwGq34J9&_nc_oc=AdmCV1-3FAL4QMPYZcTBECvXCAY6UaBhu6xe5GaeldW6nv0T4cReQk3UCBZqu0Zs6iA&_nc_zt=3&_nc_ht=scontent.whatsapp.net&edm=AH51TzQEAAAA&_nc_gid=tGqpMYtwWleJN0I-VHRXsA&oh=01_Q5Aa2QGavjIjKYlq_zVnrf5xgyOe46_E5t1vaBwu7z6YWT1suA&oe=68D90EF7"]}}, {"text": "Hello", "type": "BODY"}, {"text": "this is a test template for webhook", "type": "FOOTER"}], "sub_category": "CUSTOM", "parameter_format": "POSITIONAL"}', NULL, '2025-06-26 08:53:10.929107', NULL, 'dd6d3514-4f70-4b66-9c2a-76785d72066a'),
	('622557627596011', 'carousel_test_sample', '{"id": "622557627596011", "name": "carousel_test_sample", "status": "APPROVED", "category": "MARKETING", "language": "en", "components": [{"text": "Shop now through {{1}} and use code {{2}} to get {{3}} off of all merchandise.", "type": "BODY", "example": {"body_text": [["the end of August", "25OFF", "25%"]]}}, {"type": "CAROUSEL", "cards": [{"components": [{"type": "HEADER", "format": "IMAGE", "example": {"header_handle": ["https://scontent.whatsapp.net/v/t61.29466-34/516742803_1829414747789344_8220125981333991983_n.jpg?ccb=1-7&_nc_sid=a80384&_nc_ohc=BYLZyFttNWQQ7kNvwG64cAL&_nc_oc=AdnQqIsdIBKxtvMTAlqvJVlpcrj1ujR5xrAYaiApBNRkO_LFwlJYhVyENn9Obsor60o&_nc_zt=3&_nc_ht=scontent.whatsapp.net&edm=AH51TzQEAAAA&_nc_gid=tGqpMYtwWleJN0I-VHRXsA&oh=01_Q5Aa2QGLZbpFiOGJWh5kIizF_8y41RR7gYyEFpVXBwRr0LUslA&oe=68D9186D"]}}, {"type": "BUTTONS", "buttons": [{"text": "QUICK REPLY", "type": "QUICK_REPLY"}, {"url": "https://ingenious.ae/", "text": "LINK", "type": "URL"}]}]}, {"components": [{"type": "HEADER", "format": "IMAGE", "example": {"header_handle": ["https://scontent.whatsapp.net/v/t61.29466-34/528762405_2252336758565768_4141987931879133415_n.jpg?ccb=1-7&_nc_sid=a80384&_nc_ohc=tgnrDrUR_usQ7kNvwHNlx5M&_nc_oc=AdnLK8YaDQw6OyY-AhsO9O39vg7F2vlO5zkdIQxxmp-tMxGLpp_sPqePfkkMXpBILrk&_nc_zt=3&_nc_ht=scontent.whatsapp.net&edm=AH51TzQEAAAA&_nc_gid=tGqpMYtwWleJN0I-VHRXsA&oh=01_Q5Aa2QGYqveMkAo2XxuWR9ovihBy2KaEGTEjXJx-VQi_qHEcGA&oe=68D8F306"]}}, {"type": "BUTTONS", "buttons": [{"text": "QUICK REPLY", "type": "QUICK_REPLY"}, {"url": "https://ingenious.ae/", "text": "LINK", "type": "URL"}]}]}]}], "parameter_format": "POSITIONAL"}', NULL, '2025-08-14 10:43:28.888343', NULL, 'dd6d3514-4f70-4b66-9c2a-76785d72066a'),
	('1024276236283667', 'image_demo_car', '{"id": "1024276236283667", "name": "image_demo_car", "status": "REJECTED", "category": "MARKETING", "language": "en", "components": [{"text": "Hi this is {{1}}", "type": "BODY", "example": {"body_text": [["Shan"]]}}, {"type": "CAROUSEL", "cards": [{"components": [{"type": "HEADER", "format": "IMAGE", "example": {"header_handle": ["https://scontent.whatsapp.net/v/t61.29466-34/534423065_1325450582546224_3517482428194243117_n.jpg?ccb=1-7&_nc_sid=a80384&_nc_ohc=IIR2QKdcFwcQ7kNvwHOvFfh&_nc_oc=AdnMP1PYZQb2tNkig_PLKipyfKqYbOUsvt9X_8Gbl79_PgB8q-Gr-v8WzMyDQPKTtOE&_nc_zt=3&_nc_ht=scontent.whatsapp.net&edm=AH51TzQEAAAA&_nc_gid=tGqpMYtwWleJN0I-VHRXsA&oh=01_Q5Aa2QFdTgRs1S3moFQ3u94dOevtvzXQpbki8pAmNiY08miQEQ&oe=68D8E67D"]}}, {"type": "BUTTONS", "buttons": [{"text": "this is start", "type": "QUICK_REPLY"}, {"text": "this is end", "type": "QUICK_REPLY"}]}]}, {"components": [{"type": "HEADER", "format": "IMAGE", "example": {"header_handle": ["https://scontent.whatsapp.net/v/t61.29466-34/534414507_1095553368780994_2801805144006937602_n.jpg?ccb=1-7&_nc_sid=a80384&_nc_ohc=IojHGmYqoNcQ7kNvwEAaXcf&_nc_oc=AdkgJYL22Ux3OuT_J6DNaHyj2DoLJkPoxnGYwQt3zjyuy6JfUwmvXZiLhDbj6Oin_fA&_nc_zt=3&_nc_ht=scontent.whatsapp.net&edm=AH51TzQEAAAA&_nc_gid=tGqpMYtwWleJN0I-VHRXsA&oh=01_Q5Aa2QFBoEV2cYZme0JKiPgZIuc5VUXEurMDjbxwjOUansSj-g&oe=68D8FFD2"]}}, {"type": "BUTTONS", "buttons": [{"text": "this is an other 1st", "type": "QUICK_REPLY"}, {"text": "this is another 2nd", "type": "QUICK_REPLY"}]}]}]}], "parameter_format": "POSITIONAL"}', NULL, '2025-08-20 08:53:31.930502', NULL, 'dd6d3514-4f70-4b66-9c2a-76785d72066a'),
	('808279838222149', 'wa_test_template_carousel_api', '{"id": "808279838222149", "name": "wa_test_template_carousel_api", "status": "APPROVED", "category": "MARKETING", "language": "en", "components": [{"text": "This is a a sample template", "type": "BODY"}, {"type": "CAROUSEL", "cards": [{"components": [{"type": "HEADER", "format": "IMAGE", "example": {"header_handle": ["https://scontent.whatsapp.net/v/t61.29466-34/516742803_1118540370184284_6710698758844063778_n.jpg?ccb=1-7&_nc_sid=a80384&_nc_ohc=dBsN5V52E3QQ7kNvwHOp8PK&_nc_oc=AdkqsRl9gMEaiCj1tLNrhZoOAc7MjDAcfKQB89ceOVCM623yzeH60kkty3gP3gK260I&_nc_zt=3&_nc_ht=scontent.whatsapp.net&edm=AH51TzQEAAAA&_nc_gid=tGqpMYtwWleJN0I-VHRXsA&oh=01_Q5Aa2QEsQvi0ypO3_fspWHt5TWWuJifL9gO_WtUTiXD-rNVEog&oe=68D8FDFD"]}}, {"type": "BUTTONS", "buttons": [{"text": "Quick Reply", "type": "QUICK_REPLY"}, {"url": "https://ingenious.ae/", "text": "Link", "type": "URL"}]}]}, {"components": [{"type": "HEADER", "format": "IMAGE", "example": {"header_handle": ["https://scontent.whatsapp.net/v/t61.29466-34/534421696_2287302018384426_4772328321747738505_n.jpg?ccb=1-7&_nc_sid=a80384&_nc_ohc=_yfqDNf9L_EQ7kNvwHyGBwf&_nc_oc=Adm04ZX0V2rOzOGr68Dc_bJKNq1HU2KhS8f0WsxIT51EPm22_-ebN3qiZ0Q93OVgg7c&_nc_zt=3&_nc_ht=scontent.whatsapp.net&edm=AH51TzQEAAAA&_nc_gid=tGqpMYtwWleJN0I-VHRXsA&oh=01_Q5Aa2QEMe9JLejH4ntT5ehaWET5YOCQ_alA-98OtzAwQDhsAWw&oe=68D9198B"]}}, {"type": "BUTTONS", "buttons": [{"text": "Reply", "type": "QUICK_REPLY"}, {"url": "https://ingenious.ae/", "text": "Link", "type": "URL"}]}]}]}], "parameter_format": "POSITIONAL"}', NULL, '2025-08-14 10:43:28.888343', NULL, 'dd6d3514-4f70-4b66-9c2a-76785d72066a'),
	('1922780358567633', 'asdf', '{"id": "1922780358567633", "name": "asdf", "status": "APPROVED", "category": "MARKETING", "language": "en", "components": [{"type": "HEADER", "format": "IMAGE", "example": {"header_handle": ["https://scontent.whatsapp.net/v/t61.29466-34/523368017_1922780361900966_5809878742245181597_n.jpg?ccb=1-7&_nc_sid=8b1bef&_nc_ohc=J0-H_rhxma8Q7kNvwGcQTj6&_nc_oc=AdmgAkCvaLEHrVjDzdM6lEtdAToF_BHT7ACmuLkomb9MXyRlDbLZLlUILP8qvYigeLo&_nc_zt=3&_nc_ht=scontent.whatsapp.net&edm=AH51TzQEAAAA&_nc_gid=oi8tzxf5dTWr_AknzC5RVA&oh=01_Q5Aa2QGCZN9mwkXOG6OGtPGJQwRXtVK7-LwOthrRKWikNmhAgw&oe=68D91212"]}}, {"text": "Hi this is a sample image template", "type": "BODY"}, {"text": "this is a test image template", "type": "FOOTER"}], "parameter_format": "POSITIONAL"}', NULL, '2025-08-11 08:08:46.98781', NULL, 'dd6d3514-4f70-4b66-9c2a-76785d72066a'),
	('1938783220204977', 'john_doe', '{"id": "1938783220204977", "name": "john_doe", "status": "APPROVED", "category": "MARKETING", "language": "en", "components": [{"text": "Hello", "type": "BODY"}], "parameter_format": "POSITIONAL"}', NULL, '2025-08-06 11:15:17.895563', NULL, 'dd6d3514-4f70-4b66-9c2a-76785d72066a'),
	('1320424516341036', 'ingenious_app_flow', '{"id": "1320424516341036", "name": "ingenious_app_flow", "status": "REJECTED", "category": "MARKETING", "language": "en", "components": [{"text": "Hello  {{name}}!", "type": "BODY", "example": {"body_text_named_params": [{"example": "World", "param_name": "name"}]}}, {"type": "BUTTONS", "buttons": [{"text": "View Flow", "type": "FLOW", "flow_id": 1509628123775064, "flow_action": "NAVIGATE", "navigate_screen": "WELCOME_SCREEN"}]}], "parameter_format": "NAMED"}', NULL, '2025-06-26 08:53:10.929107', NULL, 'dd6d3514-4f70-4b66-9c2a-76785d72066a'),
	('474941935682147', 'test_location_template', '{"id": "474941935682147", "name": "test_location_template", "status": "APPROVED", "category": "MARKETING", "language": "en", "components": [{"type": "HEADER", "format": "LOCATION"}, {"text": "Hello", "type": "BODY"}, {"text": "this is a test template for webhook", "type": "FOOTER"}], "sub_category": "CUSTOM", "parameter_format": "POSITIONAL"}', NULL, '2025-06-26 08:53:10.929107', NULL, 'dd6d3514-4f70-4b66-9c2a-76785d72066a'),
	('1227990825384283', 'test_video_template', '{"id": "1227990825384283", "name": "test_video_template", "status": "APPROVED", "category": "MARKETING", "language": "en", "components": [{"type": "HEADER", "format": "VIDEO", "example": {"header_handle": ["https://scontent.whatsapp.net/v/t61.29466-34/491838419_1227990828717616_7560933313564810128_n.mp4?ccb=1-7&_nc_sid=8b1bef&_nc_ohc=gCluU4ShNCMQ7kNvwH1IuIc&_nc_oc=AdkVpsjSXeaK1ZhgKR60CcXGW87WEV-7ddM73Z7OLsMIEL1VExBCbKqDrHrLq0UvEX8&_nc_zt=28&_nc_ht=scontent.whatsapp.net&edm=AH51TzQEAAAA&_nc_gid=oi8tzxf5dTWr_AknzC5RVA&oh=01_Q5Aa2QEvoc1AKxgak-XPGv74yOxLP8HRKT5pHvQ9PmvYSk39XQ&oe=68D91275"]}}, {"text": "Hello", "type": "BODY"}, {"text": "this is a test template for webhook", "type": "FOOTER"}], "sub_category": "CUSTOM", "parameter_format": "POSITIONAL"}', NULL, '2025-06-26 08:53:10.929107', NULL, 'dd6d3514-4f70-4b66-9c2a-76785d72066a');


--
-- Data for Name: user_accounts; Type: TABLE DATA; Schema: public; Owner: postgres
--

INSERT INTO "public"."user_accounts" ("id", "created_at", "deleted_at", "updated_at", "access_token", "access_token_expires_at", "account_id", "id_token", "password", "provider_id", "refresh_token", "refresh_token_expires_at", "scope", "user_id") VALUES
	('d4c33e9a-8daf-46ee-a882-b7db718b19a0', '2025-07-31 06:12:54.19691', NULL, NULL, NULL, NULL, 'f9de8a5a-8933-42f9-9561-020d9346a3c4', NULL, NULL, 'credential', NULL, NULL, NULL, 'f9de8a5a-8933-42f9-9561-020d9346a3c4'),
	('5f719b82-9b74-4339-98c8-49d7a8e7e760', '2025-07-31 06:12:54.19691', NULL, NULL, NULL, NULL, '5af83d73-67b2-45c9-9c8b-41c20f282c4c', NULL, NULL, 'credential', NULL, NULL, NULL, '5af83d73-67b2-45c9-9c8b-41c20f282c4c'),
	('939382df-da52-4279-ad2e-d32299a3f18f', '2025-07-31 06:12:54.19691', NULL, NULL, NULL, NULL, 'e2589b20-b884-4379-806b-bc49309561c0', NULL, NULL, 'credential', NULL, NULL, NULL, 'e2589b20-b884-4379-806b-bc49309561c0'),
	('dae22a4e-3338-4601-a968-b510d9444ae1', '2025-07-31 06:12:54.19691', NULL, NULL, NULL, NULL, '44b57acf-bc18-4dcd-a1dc-e73a2dbefca9', NULL, '36183f1c926a88e03bfdbc0e6fb06c80:6bb59e00b18151ddf2b46b8885b33021fd655db0ed3521b7b0a8fe8792c5ccd0d6dcf1d53f31095a1caefe2f6d35911287aade81886a54c9727bceae9cf13526', 'credential', NULL, NULL, NULL, '44b57acf-bc18-4dcd-a1dc-e73a2dbefca9');


--
-- Data for Name: user_activity_logs; Type: TABLE DATA; Schema: public; Owner: postgres
--



--
-- Data for Name: user_sessions; Type: TABLE DATA; Schema: public; Owner: postgres
--

INSERT INTO "public"."user_sessions" ("id", "created_at", "deleted_at", "updated_at", "active_organization_id", "expires_at", "ip_address", "token", "user_agent", "user_id") VALUES
	('3832fe3b-068b-4baa-b03d-ced2ac1f8bcf', '2025-07-31 06:20:21.385', NULL, '2025-07-31 06:20:21.385', 'dd6d3514-4f70-4b66-9c2a-76785d72066a', '2025-08-07 06:20:21.385+00', '', 'UrCU0To9k7YkX9kko0f0AOxmrrvwn6o1', 'Mozilla/5.0 (Windows NT 10.0; Win64; x64) AppleWebKit/537.36 (KHTML, like Gecko) Chrome/138.0.0.0 Safari/537.36', '44b57acf-bc18-4dcd-a1dc-e73a2dbefca9'),
	('32ba996f-f9df-4769-a272-76024b428dce', '2025-07-31 07:57:41.744', NULL, '2025-08-06 07:50:06.1', 'dd6d3514-4f70-4b66-9c2a-76785d72066a', '2025-08-13 07:50:06.1+00', '', 'FliXvt13vcMhDGmPNfU6Y53rGsfTPrJg', 'Mozilla/5.0 (Windows NT 10.0; Win64; x64) AppleWebKit/537.36 (KHTML, like Gecko) Chrome/138.0.0.0 Safari/537.36', '44b57acf-bc18-4dcd-a1dc-e73a2dbefca9'),
	('fc071882-43ba-4c3c-a3dc-a0153adcfbc1', '2025-08-14 10:53:11.316', NULL, '2025-08-21 06:24:19.896', 'dd6d3514-4f70-4b66-9c2a-76785d72066a', '2025-08-28 06:24:19.896+00', '', 'VtqcDkAlbg3Q4W14IZ58cLtbI8YodG6i', 'Mozilla/5.0 (Windows NT 10.0; Win64; x64) AppleWebKit/537.36 (KHTML, like Gecko) Chrome/139.0.0.0 Safari/537.36', '44b57acf-bc18-4dcd-a1dc-e73a2dbefca9'),
	('b972b25e-373e-408c-a4e1-69e8b6088445', '2025-08-29 08:22:30.753', NULL, '2025-09-01 07:36:56.307', 'dd6d3514-4f70-4b66-9c2a-76785d72066a', '2025-09-08 07:36:56.307+00', '', 'F2sKOvXCY5a6mKZ7vHnbVjyOcjVcJ1uP', 'Mozilla/5.0 (Windows NT 10.0; Win64; x64) AppleWebKit/537.36 (KHTML, like Gecko) Chrome/139.0.0.0 Safari/537.36', '44b57acf-bc18-4dcd-a1dc-e73a2dbefca9'),
	('4c1b3cd0-b68f-4091-ac40-909d61359dce', '2025-08-07 08:13:34.118', NULL, '2025-08-13 08:16:16.375', 'dd6d3514-4f70-4b66-9c2a-76785d72066a', '2025-08-20 08:16:16.375+00', '', 'uDgwMzjvhDoSA09g7tG3bDIIq5nrF4ux', 'Mozilla/5.0 (Windows NT 10.0; Win64; x64) AppleWebKit/537.36 (KHTML, like Gecko) Chrome/138.0.0.0 Safari/537.36', '44b57acf-bc18-4dcd-a1dc-e73a2dbefca9'),
	('33583b44-cb0f-4fbf-9faa-1add600cdb0b', '2025-08-21 11:23:52.236', NULL, '2025-08-27 06:36:28.193', 'dd6d3514-4f70-4b66-9c2a-76785d72066a', '2025-09-03 06:36:28.193+00', '', 'fRZhnPBakxNrPEUzD7hDE0tvI0G7Igcc', 'Mozilla/5.0 (Windows NT 10.0; Win64; x64) AppleWebKit/537.36 (KHTML, like Gecko) Chrome/139.0.0.0 Safari/537.36', '44b57acf-bc18-4dcd-a1dc-e73a2dbefca9'),
	('669bd375-8c49-42cb-89c9-bd158eda13b3', '2025-08-14 10:43:00.902', NULL, '2025-08-19 05:35:30.614', 'dd6d3514-4f70-4b66-9c2a-76785d72066a', '2025-08-26 05:35:30.614+00', '', '4TNpU0MOjFPVJC4cJeVO7vaA4w8wmgYq', 'Mozilla/5.0 (Windows NT 10.0; Win64; x64) AppleWebKit/537.36 (KHTML, like Gecko) Chrome/139.0.0.0 Safari/537.36', '44b57acf-bc18-4dcd-a1dc-e73a2dbefca9'),
	('3b578ffa-80c2-4864-82a3-09bd6118a219', '2025-08-22 06:04:04.724', NULL, '2025-08-22 06:04:04.724', 'dd6d3514-4f70-4b66-9c2a-76785d72066a', '2025-08-29 06:04:04.722+00', '', 'mSmDQS10HjhbBeYwblgAQ55moALqUHfg', 'Mozilla/5.0 (Windows NT 10.0; Win64; x64) AppleWebKit/537.36 (KHTML, like Gecko) Chrome/139.0.0.0 Safari/537.36', '44b57acf-bc18-4dcd-a1dc-e73a2dbefca9'),
	('f29bea07-df50-4da6-b138-1b10590c50b1', '2025-08-19 07:35:47.362', NULL, '2025-08-19 07:35:47.362', 'dd6d3514-4f70-4b66-9c2a-76785d72066a', '2025-08-26 07:35:47.362+00', '', 'BG6WTl3rWxoJ6vxv8v0h7Se4K01aVRmw', 'Mozilla/5.0 (Windows NT 10.0; Win64; x64) AppleWebKit/537.36 (KHTML, like Gecko) Chrome/139.0.0.0 Safari/537.36', '44b57acf-bc18-4dcd-a1dc-e73a2dbefca9');


--
-- Data for Name: user_verifications; Type: TABLE DATA; Schema: public; Owner: postgres
--



--
-- Data for Name: whatsapp_business_account_phone_numbers; Type: TABLE DATA; Schema: public; Owner: postgres
--

INSERT INTO "public"."whatsapp_business_account_phone_numbers" ("id", "display_phone_number", "verified_name", "status", "quality_rating", "search_visibility", "platform_type", "code_verification_status", "team_id", "updated_at", "created_at", "deleted_at", "account_mode", "certificate", "conversational_automation", "health_status", "is_official_business_account", "is_on_biz_app", "is_pin_enabled", "is_preverified_number", "last_onboard_time", "messaging_limit_tier", "name_status", "new_certificate", "new_name_status", "quality_score", "throughput", "is_registered") VALUES
	(642212355649806, '15557788614', 'Infinite Villas', NULL, 'UNKNOWN', NULL, 'NOT_APPLICABLE', 'VERIFIED', '09478757-a229-4209-91a7-4d7a8c3202f1', NULL, '2025-06-18 12:10:45.762511', NULL, NULL, NULL, NULL, NULL, NULL, NULL, NULL, NULL, '2025-06-18T12:10:39+0000', NULL, NULL, NULL, NULL, NULL, '{"level": "NOT_APPLICABLE"}', NULL),
	(692551050607855, '15557442030', 'Ingenious Digital Marketing Management', NULL, 'UNKNOWN', NULL, 'NOT_APPLICABLE', 'VERIFIED', 'f89e95e0-e317-4e7b-a319-7b4755c6bb75', NULL, '2025-06-18 12:12:40.770716', NULL, NULL, NULL, NULL, NULL, NULL, NULL, true, NULL, '2025-06-18T12:12:34+0000', NULL, NULL, NULL, NULL, NULL, '{"level": "NOT_APPLICABLE"}', true),
	(647580185100069, '+971 58 514 2884', 'Ingenious App', NULL, 'GREEN', NULL, 'CLOUD_API', 'EXPIRED', 'dd6d3514-4f70-4b66-9c2a-76785d72066a', NULL, '2025-06-26 08:28:46.250306', NULL, NULL, NULL, NULL, NULL, NULL, NULL, NULL, NULL, NULL, NULL, NULL, NULL, NULL, NULL, '{"level": "STANDARD"}', true);


--
-- Data for Name: whatsapp_business_accounts; Type: TABLE DATA; Schema: public; Owner: postgres
--

INSERT INTO "public"."whatsapp_business_accounts" ("id", "name", "currency", "owner_business_id", "owner_business_name", "business_id", "phone_number_id", "waba_id", "auth_response", "auth_token", "team_id", "updated_at", "created_at", "deleted_at", "ad_account_id") VALUES
	(1066148915478580, NULL, NULL, '1266517048813169', 'Infinite Villas', NULL, NULL, NULL, '{"iv": "52CIknorWYLQEShh", "data": "ge04E9jH8psNKm7rlOZGaL6WVK8lAlDogSAGa42xKbMXnAH9dUkroBJr+bzGk1x5f1W6jCBvv4LjC8YJT1V2OgpdBAaIEGzLj97B6MSAocx79byfqkYrQOkHi1Iu+eUQ47Epsc+P1Kv/z0H6HNb5kVaXFLwFHJzW6H6Wv0Bp2+BCK3VG1jY+E7W/bVALudZiyh+BLwoYNEmqXol6EZMEt1gA1lo87ljGgUnTf8q1Oi6OO+6/YO38kIXT191cskEc7JWC1dd5pIWGXK0yjTqWn9QtcIgDpxBvSV3ygORzDGBvduvr6qy/Kh2jxiRtegYr5PnELvb60LzEH+9B/ow1nQ+NJlddB90UsVIzLKMUw6dgj5eWM7Tja+Q0Ow98mA5i7nwWsqOZKm6UifwIDwxlDJqnnm4it1+nyDj1y352XhD/Siw54tljKRTmhYxZQN+dewRKhgskAqn6eBPIEHGvhkoxzdQWNma5VcNEmqN0cRPjAHYPLavuKZlxEoa6JNPVTwOKpT91a7BB8+ksgzOfrq1OM/IOHzhR0lklZoGsYGmmn0+IqQxb2g=="}', '{"iv": "AmTppOu9wji5vuPO", "data": "KYrDe6RBzKzKZH/7+wSl27jR7Oh6iV86bu2cCqeXYRoexiGwtoIoNyzsCkHTw7o4A1ckZcqxcWZYbmoAH6TMemxNt9xaloZAXzEQ8hGlTW6maVrFb3/8KTtQLzFVRAGYyC4MS0qSJgoQsL4bnPuVhsVkKCHHwGsRBr1DChUK7g9WHaIKpaLsJ7UN0VjBUjV64h/TPbKY9YmhvT5WhaSS7+wab46UJ8DD3uTempdFdLRn5V31+7LVvedUv25Y2EEpVG+tXbDDalC5UGnD5GQHXcV1G89OBqyMfT3OywzHsGgEidYqLEJ647KNmPr1F/8K3ZkI2bPooa2vjsXfLryKucqT1DtRm4Brf9qKN+HzYGXURQQHuMA1GChQoQ8Y8IQPiG4Mf22JqlY="}', '09478757-a229-4209-91a7-4d7a8c3202f1', NULL, '2025-06-18 12:10:45.762511', NULL, NULL),
	(1071858914877569, NULL, NULL, '279490848280322', 'Ingenious Digital Marketing Management', NULL, NULL, NULL, '{"iv": "U9H4SpjOecdY5gbc", "data": "Vwt11P6L8nwcPzbN3qJ68HvXmGxzOr7Uux+ueeYZ0KFC6Ed1XjULojjXnl7fpdQ4y5mcd1SPwYRHFKvDcVxNz83jM0zwmohVEI/rPz96ESpYKUM6A/L54ayBYhbbbuEOk1U804KCqtS1Gh19J9y9z8ZNXBLREI1hQAHSUgvNPWfsALPTEapgWiJEy0METIWode/crCXnF3Y32elhdKUeN1go8JpIKnUpJhlPcrQ1CpD6uIw5xTZokmuOBJrHzjnvhYaZsnLOqw/4LMzmE+RN6dgueuc9v1VpPqXK64+99FfLHmZXcNgcy6+97yITv9cHGdw3LvcD34w0mUj07laaZ28MngcROcEvtT/94m7ZPfGT2wHin3T2XnT4H4ap0GQnCSyc6laVKYAJmi3zhxXeVe4zg4Gp/AV+aUlymjLflevQsZ+OhpqifXAj54iMqMCAsyZSRbCuSs+xCvfmxx85Zb4DW64Cph0n/z6NkQjA4G7ISV0cUugUz4WKFMxsRIMWvn3+u5s/0XMApw0Ajuc6UnzHcA=="}', '{"iv": "PzCiudLlUTuEgwTt", "data": "ewrLn8qCIVlBY3ZwMy9g8YDk3eaVZeuGS29r1Ldz5FQxFQg/kGSvzJm3V/17JtCADIDyKYyJyz7ewZnwWLU+c5YfE/7ZGBgaqvmvRxh9YOj2RZXfI3QMaG7r6/Xo980kLiDWwOmvg16A0QLNr7c+5M7s788YvVI+LO6sVfGxUHb8a5SvVw6aQDEz5Un8pv45eZfnQwyyootWIOFb7dA7DJ941oyWifdGRqBe8IKiE56eiSYkCnL2D+H65Pixl/cU3sBIZchaIDfRRUlw+rcDShFZfCxd2kmwTH3fUA=="}', 'f89e95e0-e317-4e7b-a319-7b4755c6bb75', NULL, '2025-06-18 12:12:40.770716', NULL, NULL),
	(653940250616299, NULL, NULL, NULL, 'Ingenious Digital Marketing', NULL, NULL, NULL, NULL, '{"iv": "PzCiudLlUTuEgwTt", "data": "ewrLn8qCIVlBY3ZwMy9g8YDk3eaVZeuGS29r1Ldz5FQxFQg/kGSvzJm3V/17JtCADIDyKYyJyz7ewZnwWLU+c5YfE/7ZGBgaqvmvRxh9YOj2RZXfI3QMaG7r6/Xo980kLiDWwOmvg16A0QLNr7c+5M7s788YvVI+LO6sVfGxUHb8a5SvVw6aQDEz5Un8pv45eZfnQwyyootWIOFb7dA7DJ941oyWifdGRqBe8IKiE56eiSYkCnL2D+H65Pixl/cU3sBIZchaIDfRRUlw+rcDShFZfCxd2kmwTH3fUA=="}', 'dd6d3514-4f70-4b66-9c2a-76785d72066a', NULL, '2025-06-26 07:26:13.638838', NULL, '698225195907162');


--
-- PostgreSQL database dump complete
--

-- \unrestrict 0pTvOT9cgxSsrctenL5utMleFXISWc3zE8rjTtl1g2JeC2ggBK0Q8bZoGVgz4Zy

RESET ALL;
