--
-- PostgreSQL database dump
--

\restrict qzkWFcxjU1znX30AipedB0b0XFlGBkO0hJpdcXn1iK3gkVTsMWNcUoQnT8U53ZD

-- Dumped from database version 17.6 (Debian 17.6-2.pgdg13+1)
-- Dumped by pg_dump version 17.6 (Debian 17.6-2.pgdg13+1)

SET statement_timeout = 0;
SET lock_timeout = 0;
SET idle_in_transaction_session_timeout = 0;
SET transaction_timeout = 0;
SET client_encoding = 'UTF8';
SET standard_conforming_strings = on;
SELECT pg_catalog.set_config('search_path', '', false);
SET check_function_bodies = false;
SET xmloption = content;
SET client_min_messages = warning;
SET row_security = off;

--
-- Data for Name: teams; Type: TABLE DATA; Schema: public; Owner: postgres
--

INSERT INTO public.teams (id, name, created_at, deleted_at, updated_at, current_file_storage_size, max_file_storage_size, metadata, plan_name, slug, stripe_customer_id, stripe_metadata, stripe_product_id, stripe_subscription_id, subscription_status, whatsapp_limit, whatsapp_subscribe_at) VALUES ('09478757-a229-4209-91a7-4d7a8c3202f1', 'ryan@ingenious.ae''s Team', '2025-06-15 19:26:20.163938', NULL, NULL, NULL, NULL, '{"personal": true}', NULL, '5af83d73-67b2-45c9-9c8b-41c20f282c4c', NULL, NULL, NULL, NULL, NULL, 1000, NULL);
INSERT INTO public.teams (id, name, created_at, deleted_at, updated_at, current_file_storage_size, max_file_storage_size, metadata, plan_name, slug, stripe_customer_id, stripe_metadata, stripe_product_id, stripe_subscription_id, subscription_status, whatsapp_limit, whatsapp_subscribe_at) VALUES ('b4a4d8ea-d104-4ff5-8be6-e2af8bd29dc0', 'admin@test.com''s Team', '2025-06-26 07:20:03.452932', NULL, NULL, 0, 2147483648, '{"personal": true}', NULL, 'e2589b20-b884-4379-806b-bc49309561c0', NULL, NULL, NULL, NULL, NULL, 1000, NULL);
INSERT INTO public.teams (id, name, created_at, deleted_at, updated_at, current_file_storage_size, max_file_storage_size, metadata, plan_name, slug, stripe_customer_id, stripe_metadata, stripe_product_id, stripe_subscription_id, subscription_status, whatsapp_limit, whatsapp_subscribe_at) VALUES ('f89e95e0-e317-4e7b-a319-7b4755c6bb75', 'Test Team', '2025-06-15 09:21:27.939492', NULL, NULL, NULL, NULL, '{"personal": true}', NULL, 'f9de8a5a-8933-42f9-9561-020d9346a3c4', NULL, NULL, NULL, NULL, NULL, 1000, NULL);
INSERT INTO public.teams (id, name, created_at, deleted_at, updated_at, current_file_storage_size, max_file_storage_size, metadata, plan_name, slug, stripe_customer_id, stripe_metadata, stripe_product_id, stripe_subscription_id, subscription_status, whatsapp_limit, whatsapp_subscribe_at) VALUES ('dd6d3514-4f70-4b66-9c2a-76785d72066a', 'admin@ingenious.ae''s Team', '2025-06-18 12:16:12.892194', NULL, '2026-01-12 19:24:30.21', NULL, NULL, '{"personal": true}', 'Plus', '44b57acf-bc18-4dcd-a1dc-e73a2dbefca9', 'cus_TmPYDuaRm1yeQa', '{"limit": "10000"}', 'prod_SvnBZfrOJqjPF7', 'sub_1SoqixRDlPLCyMVeX891zOeb', 'active', 10000, '2026-01-12 19:24:30.21');


--
-- Data for Name: users; Type: TABLE DATA; Schema: public; Owner: postgres
--

INSERT INTO public.users (id, name, created_at, deleted_at, updated_at, email, email_verified, image, password_hash, role) VALUES ('f9de8a5a-8933-42f9-9561-020d9346a3c4', NULL, '2025-06-15 09:21:27.931122', NULL, NULL, 'test@test.com', NULL, NULL, '$2b$10$3KhssqWJ95wOkO8BJhE58uduHxBBt/b8kouSc3oL.Z4x8iOxfYvMy', 'owner');
INSERT INTO public.users (id, name, created_at, deleted_at, updated_at, email, email_verified, image, password_hash, role) VALUES ('5af83d73-67b2-45c9-9c8b-41c20f282c4c', NULL, '2025-06-15 19:26:20.11708', NULL, NULL, 'ryan@ingenious.ae', NULL, NULL, '$2b$10$k28rs0wWYGzuUG6CGwos8ub6EWXlgnO3eO8Bw4DMXG.CJXkyvNTsS', 'owner');
INSERT INTO public.users (id, name, created_at, deleted_at, updated_at, email, email_verified, image, password_hash, role) VALUES ('44b57acf-bc18-4dcd-a1dc-e73a2dbefca9', NULL, '2025-06-18 12:16:12.837562', NULL, NULL, 'admin@ingenious.ae', NULL, NULL, '$2b$10$CwW4pV727MbtNAysHlQRBu.ncGmze9dIbtUopQgplTdkSXHmEsu/W', 'owner');
INSERT INTO public.users (id, name, created_at, deleted_at, updated_at, email, email_verified, image, password_hash, role) VALUES ('e2589b20-b884-4379-806b-bc49309561c0', NULL, '2025-06-26 07:20:03.443518', NULL, NULL, 'admin@test.com', NULL, NULL, '$2b$10$SX0aIoIblkmv.HwMEyRAger4vH4ncSV.gugex7oOpalJ6xxX/vSh2', 'owner');


--
-- Data for Name: activity_logs; Type: TABLE DATA; Schema: public; Owner: postgres
--

INSERT INTO public.activity_logs (id, action, ip_address, team_id, "timestamp", user_id) VALUES ('44d092ee-aa37-4dcc-9322-7ffa8407dce5', 'SIGN_IN', '', 'f89e95e0-e317-4e7b-a319-7b4755c6bb75', '2025-06-15 10:04:51.689393', 'f9de8a5a-8933-42f9-9561-020d9346a3c4');
INSERT INTO public.activity_logs (id, action, ip_address, team_id, "timestamp", user_id) VALUES ('43aade4f-bbee-4297-98ca-be9c845854b5', 'CREATE_TEAM', '', '09478757-a229-4209-91a7-4d7a8c3202f1', '2025-06-15 19:26:20.175861', '5af83d73-67b2-45c9-9c8b-41c20f282c4c');
INSERT INTO public.activity_logs (id, action, ip_address, team_id, "timestamp", user_id) VALUES ('9d1b489b-2cf6-4299-8336-db9a75fc88ef', 'SIGN_UP', '', '09478757-a229-4209-91a7-4d7a8c3202f1', '2025-06-15 19:26:20.21321', '5af83d73-67b2-45c9-9c8b-41c20f282c4c');
INSERT INTO public.activity_logs (id, action, ip_address, team_id, "timestamp", user_id) VALUES ('1a71c6a8-9141-4b34-ad87-d36a5c21f01e', 'SIGN_IN', '', 'f89e95e0-e317-4e7b-a319-7b4755c6bb75', '2025-06-17 09:53:37.41247', 'f9de8a5a-8933-42f9-9561-020d9346a3c4');
INSERT INTO public.activity_logs (id, action, ip_address, team_id, "timestamp", user_id) VALUES ('dd500f33-3a60-4c35-9674-676ad1cf7a01', 'SIGN_IN', '', 'f89e95e0-e317-4e7b-a319-7b4755c6bb75', '2025-06-17 12:05:17.967733', 'f9de8a5a-8933-42f9-9561-020d9346a3c4');
INSERT INTO public.activity_logs (id, action, ip_address, team_id, "timestamp", user_id) VALUES ('4724951b-c937-4ef2-9057-0d97bdb5c55f', 'SIGN_IN', '', 'f89e95e0-e317-4e7b-a319-7b4755c6bb75', '2025-06-18 06:49:58.34816', 'f9de8a5a-8933-42f9-9561-020d9346a3c4');
INSERT INTO public.activity_logs (id, action, ip_address, team_id, "timestamp", user_id) VALUES ('e3e3f36b-fb61-4355-8658-b79a2a13a61c', 'SIGN_OUT', '', 'f89e95e0-e317-4e7b-a319-7b4755c6bb75', '2025-06-18 06:50:01.797156', 'f9de8a5a-8933-42f9-9561-020d9346a3c4');
INSERT INTO public.activity_logs (id, action, ip_address, team_id, "timestamp", user_id) VALUES ('60c3c895-1b37-48a6-8b0d-0cdf8e138183', 'SIGN_IN', '', 'f89e95e0-e317-4e7b-a319-7b4755c6bb75', '2025-06-18 06:52:53.675664', 'f9de8a5a-8933-42f9-9561-020d9346a3c4');
INSERT INTO public.activity_logs (id, action, ip_address, team_id, "timestamp", user_id) VALUES ('62fae74e-8885-4c2e-af6f-e693772fa302', 'SIGN_OUT', '', 'f89e95e0-e317-4e7b-a319-7b4755c6bb75', '2025-06-18 06:56:02.204636', 'f9de8a5a-8933-42f9-9561-020d9346a3c4');
INSERT INTO public.activity_logs (id, action, ip_address, team_id, "timestamp", user_id) VALUES ('3ba782ed-b5e8-4cd2-884c-5615e60e9672', 'SIGN_IN', '', 'f89e95e0-e317-4e7b-a319-7b4755c6bb75', '2025-06-18 10:06:58.86391', 'f9de8a5a-8933-42f9-9561-020d9346a3c4');
INSERT INTO public.activity_logs (id, action, ip_address, team_id, "timestamp", user_id) VALUES ('065a4094-56cb-46b5-88a9-2578556a15ad', 'SIGN_IN', '', 'f89e95e0-e317-4e7b-a319-7b4755c6bb75', '2025-06-18 11:04:27.26629', 'f9de8a5a-8933-42f9-9561-020d9346a3c4');
INSERT INTO public.activity_logs (id, action, ip_address, team_id, "timestamp", user_id) VALUES ('ef53997b-82b8-4b22-9ded-c7cf796449a0', 'SIGN_IN', '', 'f89e95e0-e317-4e7b-a319-7b4755c6bb75', '2025-06-18 11:06:27.677515', 'f9de8a5a-8933-42f9-9561-020d9346a3c4');
INSERT INTO public.activity_logs (id, action, ip_address, team_id, "timestamp", user_id) VALUES ('5630dda2-3f9a-46fa-8ae4-2de60dfbdebc', 'SIGN_IN', '', 'f89e95e0-e317-4e7b-a319-7b4755c6bb75', '2025-06-18 11:06:40.198363', 'f9de8a5a-8933-42f9-9561-020d9346a3c4');
INSERT INTO public.activity_logs (id, action, ip_address, team_id, "timestamp", user_id) VALUES ('0dbdd12c-1613-44b1-96a9-55598d798884', 'SIGN_OUT', '', 'f89e95e0-e317-4e7b-a319-7b4755c6bb75', '2025-06-18 11:10:49.341871', 'f9de8a5a-8933-42f9-9561-020d9346a3c4');
INSERT INTO public.activity_logs (id, action, ip_address, team_id, "timestamp", user_id) VALUES ('0a0d12a4-aa1f-4106-a19a-854612029fcc', 'SIGN_IN', '', '09478757-a229-4209-91a7-4d7a8c3202f1', '2025-06-18 11:12:20.279351', '5af83d73-67b2-45c9-9c8b-41c20f282c4c');
INSERT INTO public.activity_logs (id, action, ip_address, team_id, "timestamp", user_id) VALUES ('0b656b1f-6f85-4505-b4fe-feea7936a7b8', 'SIGN_OUT', '', 'f89e95e0-e317-4e7b-a319-7b4755c6bb75', '2025-06-18 11:13:17.391079', 'f9de8a5a-8933-42f9-9561-020d9346a3c4');
INSERT INTO public.activity_logs (id, action, ip_address, team_id, "timestamp", user_id) VALUES ('3211a7e2-0afe-4451-85cf-3cd32883ac9b', 'SIGN_IN', '', '09478757-a229-4209-91a7-4d7a8c3202f1', '2025-06-18 11:13:28.573567', '5af83d73-67b2-45c9-9c8b-41c20f282c4c');
INSERT INTO public.activity_logs (id, action, ip_address, team_id, "timestamp", user_id) VALUES ('652b7806-8065-4f5b-93fa-04eb9d86a80f', 'SIGN_OUT', '', '09478757-a229-4209-91a7-4d7a8c3202f1', '2025-06-18 11:31:24.252836', '5af83d73-67b2-45c9-9c8b-41c20f282c4c');
INSERT INTO public.activity_logs (id, action, ip_address, team_id, "timestamp", user_id) VALUES ('57601aac-8a02-4b32-a8b9-16d46e837633', 'SIGN_IN', '', '09478757-a229-4209-91a7-4d7a8c3202f1', '2025-06-18 11:31:33.904049', '5af83d73-67b2-45c9-9c8b-41c20f282c4c');
INSERT INTO public.activity_logs (id, action, ip_address, team_id, "timestamp", user_id) VALUES ('3c0664c2-e189-4388-acd2-931479eb2c0a', 'SIGN_IN', '', '09478757-a229-4209-91a7-4d7a8c3202f1', '2025-06-18 11:35:02.617945', '5af83d73-67b2-45c9-9c8b-41c20f282c4c');
INSERT INTO public.activity_logs (id, action, ip_address, team_id, "timestamp", user_id) VALUES ('5d153901-6cac-4b94-a3b2-a7c475639d28', 'SIGN_OUT', '', '09478757-a229-4209-91a7-4d7a8c3202f1', '2025-06-18 12:13:35.229675', '5af83d73-67b2-45c9-9c8b-41c20f282c4c');
INSERT INTO public.activity_logs (id, action, ip_address, team_id, "timestamp", user_id) VALUES ('502854c3-a64b-4dc5-b071-5af5f6e65b27', 'SIGN_IN', '', 'f89e95e0-e317-4e7b-a319-7b4755c6bb75', '2025-06-18 12:13:41.41765', 'f9de8a5a-8933-42f9-9561-020d9346a3c4');
INSERT INTO public.activity_logs (id, action, ip_address, team_id, "timestamp", user_id) VALUES ('0a672526-2b0d-4309-bc22-8a49e686c3aa', 'SIGN_OUT', '', 'f89e95e0-e317-4e7b-a319-7b4755c6bb75', '2025-06-18 12:15:55.614871', 'f9de8a5a-8933-42f9-9561-020d9346a3c4');
INSERT INTO public.activity_logs (id, action, ip_address, team_id, "timestamp", user_id) VALUES ('28b79198-0106-47f4-a39d-7fa4b2e97c9c', 'CREATE_TEAM', '', 'dd6d3514-4f70-4b66-9c2a-76785d72066a', '2025-06-18 12:16:12.912248', '44b57acf-bc18-4dcd-a1dc-e73a2dbefca9');
INSERT INTO public.activity_logs (id, action, ip_address, team_id, "timestamp", user_id) VALUES ('1d275a66-09f3-4746-be93-ee083d75eeac', 'SIGN_UP', '', 'dd6d3514-4f70-4b66-9c2a-76785d72066a', '2025-06-18 12:16:12.947391', '44b57acf-bc18-4dcd-a1dc-e73a2dbefca9');
INSERT INTO public.activity_logs (id, action, ip_address, team_id, "timestamp", user_id) VALUES ('fdf030ee-6784-4ea3-af8c-c1bd26a2f73b', 'SIGN_OUT', '', 'f89e95e0-e317-4e7b-a319-7b4755c6bb75', '2025-06-18 12:48:40.701742', 'f9de8a5a-8933-42f9-9561-020d9346a3c4');
INSERT INTO public.activity_logs (id, action, ip_address, team_id, "timestamp", user_id) VALUES ('77465ec7-273f-4da8-ba4c-114fe826928e', 'SIGN_IN', '', 'f89e95e0-e317-4e7b-a319-7b4755c6bb75', '2025-06-18 12:48:52.457918', 'f9de8a5a-8933-42f9-9561-020d9346a3c4');
INSERT INTO public.activity_logs (id, action, ip_address, team_id, "timestamp", user_id) VALUES ('128efc26-0aea-4d11-91ad-a319a01a29f2', 'SIGN_IN', '', 'dd6d3514-4f70-4b66-9c2a-76785d72066a', '2025-06-18 12:49:17.503123', '44b57acf-bc18-4dcd-a1dc-e73a2dbefca9');
INSERT INTO public.activity_logs (id, action, ip_address, team_id, "timestamp", user_id) VALUES ('e4a38a7c-abd6-4a8c-8946-1e1a5edbdb69', 'SIGN_IN', '', 'f89e95e0-e317-4e7b-a319-7b4755c6bb75', '2025-06-21 18:10:06.18912', 'f9de8a5a-8933-42f9-9561-020d9346a3c4');
INSERT INTO public.activity_logs (id, action, ip_address, team_id, "timestamp", user_id) VALUES ('f0b3b740-091b-42f0-8a65-226e66968fa7', 'SIGN_IN', '', '09478757-a229-4209-91a7-4d7a8c3202f1', '2025-06-23 11:40:47.547828', '5af83d73-67b2-45c9-9c8b-41c20f282c4c');
INSERT INTO public.activity_logs (id, action, ip_address, team_id, "timestamp", user_id) VALUES ('58a1376f-a9ae-4bf0-9b2a-55f5c674f8f2', 'SIGN_IN', '', 'f89e95e0-e317-4e7b-a319-7b4755c6bb75', '2025-06-24 07:21:03.480734', 'f9de8a5a-8933-42f9-9561-020d9346a3c4');
INSERT INTO public.activity_logs (id, action, ip_address, team_id, "timestamp", user_id) VALUES ('80b6d68c-bd27-4079-a422-0b67323f3ca2', 'SIGN_OUT', '', 'f89e95e0-e317-4e7b-a319-7b4755c6bb75', '2025-06-26 07:18:14.056188', 'f9de8a5a-8933-42f9-9561-020d9346a3c4');
INSERT INTO public.activity_logs (id, action, ip_address, team_id, "timestamp", user_id) VALUES ('22549f6d-5ce8-4212-afd8-85ad958defda', 'SIGN_IN', '', '09478757-a229-4209-91a7-4d7a8c3202f1', '2025-06-26 07:19:13.655565', '5af83d73-67b2-45c9-9c8b-41c20f282c4c');
INSERT INTO public.activity_logs (id, action, ip_address, team_id, "timestamp", user_id) VALUES ('71843061-99a8-48c9-9945-6cd03f0cb391', 'SIGN_OUT', '', '09478757-a229-4209-91a7-4d7a8c3202f1', '2025-06-26 07:19:47.094019', '5af83d73-67b2-45c9-9c8b-41c20f282c4c');
INSERT INTO public.activity_logs (id, action, ip_address, team_id, "timestamp", user_id) VALUES ('60d028ce-850b-47ce-94ec-828c17c2c7c2', 'CREATE_TEAM', '', 'b4a4d8ea-d104-4ff5-8be6-e2af8bd29dc0', '2025-06-26 07:20:03.457244', 'e2589b20-b884-4379-806b-bc49309561c0');
INSERT INTO public.activity_logs (id, action, ip_address, team_id, "timestamp", user_id) VALUES ('c83d3a43-801c-47ff-830e-ba52998852b3', 'SIGN_UP', '', 'b4a4d8ea-d104-4ff5-8be6-e2af8bd29dc0', '2025-06-26 07:20:03.46799', 'e2589b20-b884-4379-806b-bc49309561c0');
INSERT INTO public.activity_logs (id, action, ip_address, team_id, "timestamp", user_id) VALUES ('b293bcdd-85e3-4bf8-b965-8124b902a1a7', 'SIGN_OUT', '', 'b4a4d8ea-d104-4ff5-8be6-e2af8bd29dc0', '2025-06-26 07:21:23.007908', 'e2589b20-b884-4379-806b-bc49309561c0');
INSERT INTO public.activity_logs (id, action, ip_address, team_id, "timestamp", user_id) VALUES ('6f043e41-23ca-4930-9e2c-801f09c24cee', 'SIGN_IN', '', 'dd6d3514-4f70-4b66-9c2a-76785d72066a', '2025-06-26 07:21:32.975706', '44b57acf-bc18-4dcd-a1dc-e73a2dbefca9');
INSERT INTO public.activity_logs (id, action, ip_address, team_id, "timestamp", user_id) VALUES ('efb7a934-e7d8-4ecd-bd4c-9b0644c8d680', 'SIGN_IN', '', '09478757-a229-4209-91a7-4d7a8c3202f1', '2025-06-30 05:34:30.141549', '5af83d73-67b2-45c9-9c8b-41c20f282c4c');
INSERT INTO public.activity_logs (id, action, ip_address, team_id, "timestamp", user_id) VALUES ('5a3388ba-9181-4417-8df5-85d49d8598f3', 'SIGN_OUT', '', '09478757-a229-4209-91a7-4d7a8c3202f1', '2025-06-30 05:34:36.567787', '5af83d73-67b2-45c9-9c8b-41c20f282c4c');
INSERT INTO public.activity_logs (id, action, ip_address, team_id, "timestamp", user_id) VALUES ('7a6f7cee-6f75-4287-abb7-0b4c1de31833', 'SIGN_IN', '', 'dd6d3514-4f70-4b66-9c2a-76785d72066a', '2025-06-30 05:34:46.616234', '44b57acf-bc18-4dcd-a1dc-e73a2dbefca9');
INSERT INTO public.activity_logs (id, action, ip_address, team_id, "timestamp", user_id) VALUES ('ea1cc6e9-0035-42e9-9e0b-c38f275a661a', 'SIGN_IN', '', 'dd6d3514-4f70-4b66-9c2a-76785d72066a', '2025-07-01 05:39:29.109714', '44b57acf-bc18-4dcd-a1dc-e73a2dbefca9');
INSERT INTO public.activity_logs (id, action, ip_address, team_id, "timestamp", user_id) VALUES ('86ef57c5-5fe1-4965-aba6-a20892f09d50', 'SIGN_OUT', '', 'dd6d3514-4f70-4b66-9c2a-76785d72066a', '2025-07-02 08:06:46.880891', '44b57acf-bc18-4dcd-a1dc-e73a2dbefca9');
INSERT INTO public.activity_logs (id, action, ip_address, team_id, "timestamp", user_id) VALUES ('3b4c94b4-f13a-4e1f-91fe-93b7dc770ab0', 'SIGN_IN', '', 'f89e95e0-e317-4e7b-a319-7b4755c6bb75', '2025-07-02 08:06:56.248734', 'f9de8a5a-8933-42f9-9561-020d9346a3c4');
INSERT INTO public.activity_logs (id, action, ip_address, team_id, "timestamp", user_id) VALUES ('32b20fd0-891b-4f8a-8f8c-fc5ee05c9278', 'SIGN_OUT', '', 'f89e95e0-e317-4e7b-a319-7b4755c6bb75', '2025-07-02 08:07:25.913384', 'f9de8a5a-8933-42f9-9561-020d9346a3c4');
INSERT INTO public.activity_logs (id, action, ip_address, team_id, "timestamp", user_id) VALUES ('01b49893-f0c5-4e6b-9a73-904bd07f96ea', 'SIGN_IN', '', 'dd6d3514-4f70-4b66-9c2a-76785d72066a', '2025-07-07 10:54:40.402921', '44b57acf-bc18-4dcd-a1dc-e73a2dbefca9');
INSERT INTO public.activity_logs (id, action, ip_address, team_id, "timestamp", user_id) VALUES ('9f6b4834-14fb-44eb-8b7e-66186320162e', 'SIGN_IN', '', 'dd6d3514-4f70-4b66-9c2a-76785d72066a', '2025-07-07 11:11:25.10506', '44b57acf-bc18-4dcd-a1dc-e73a2dbefca9');
INSERT INTO public.activity_logs (id, action, ip_address, team_id, "timestamp", user_id) VALUES ('28254d88-bf54-4b69-907f-16c074d7f368', 'SIGN_IN', '', 'dd6d3514-4f70-4b66-9c2a-76785d72066a', '2025-07-07 11:14:38.198077', '44b57acf-bc18-4dcd-a1dc-e73a2dbefca9');
INSERT INTO public.activity_logs (id, action, ip_address, team_id, "timestamp", user_id) VALUES ('0febc715-130e-448d-b064-304782266d53', 'SIGN_IN', '', '09478757-a229-4209-91a7-4d7a8c3202f1', '2025-07-08 07:15:31.578924', '5af83d73-67b2-45c9-9c8b-41c20f282c4c');
INSERT INTO public.activity_logs (id, action, ip_address, team_id, "timestamp", user_id) VALUES ('70ff6d73-bd10-4636-b27d-759369b33325', 'SIGN_OUT', '', 'dd6d3514-4f70-4b66-9c2a-76785d72066a', '2025-07-08 08:18:15.907385', '44b57acf-bc18-4dcd-a1dc-e73a2dbefca9');
INSERT INTO public.activity_logs (id, action, ip_address, team_id, "timestamp", user_id) VALUES ('8ea924ad-cc79-46a5-a609-aadfb0281212', 'SIGN_IN', '', 'dd6d3514-4f70-4b66-9c2a-76785d72066a', '2025-07-08 08:22:15.248722', '44b57acf-bc18-4dcd-a1dc-e73a2dbefca9');
INSERT INTO public.activity_logs (id, action, ip_address, team_id, "timestamp", user_id) VALUES ('92dcf564-b624-4655-ad9d-51bbbcb8b82c', 'SIGN_OUT', '', 'dd6d3514-4f70-4b66-9c2a-76785d72066a', '2025-07-08 08:29:34.031728', '44b57acf-bc18-4dcd-a1dc-e73a2dbefca9');
INSERT INTO public.activity_logs (id, action, ip_address, team_id, "timestamp", user_id) VALUES ('3142fe31-23e2-417c-93d9-ee9557d46332', 'SIGN_IN', '', 'dd6d3514-4f70-4b66-9c2a-76785d72066a', '2025-07-08 08:29:40.675782', '44b57acf-bc18-4dcd-a1dc-e73a2dbefca9');
INSERT INTO public.activity_logs (id, action, ip_address, team_id, "timestamp", user_id) VALUES ('34b301c6-897e-4c57-96ab-20e59d82ad34', 'SIGN_OUT', '', 'dd6d3514-4f70-4b66-9c2a-76785d72066a', '2025-07-08 11:04:39.427112', '44b57acf-bc18-4dcd-a1dc-e73a2dbefca9');
INSERT INTO public.activity_logs (id, action, ip_address, team_id, "timestamp", user_id) VALUES ('ab809e7e-7a33-4950-968b-9bf3b00fa6e9', 'SIGN_IN', '', '09478757-a229-4209-91a7-4d7a8c3202f1', '2025-07-08 11:05:04.831556', '5af83d73-67b2-45c9-9c8b-41c20f282c4c');
INSERT INTO public.activity_logs (id, action, ip_address, team_id, "timestamp", user_id) VALUES ('bf317e7a-a801-4ea7-b337-f4e68a8ca4c9', 'SIGN_IN', '', 'dd6d3514-4f70-4b66-9c2a-76785d72066a', '2025-07-14 05:24:21.352887', '44b57acf-bc18-4dcd-a1dc-e73a2dbefca9');
INSERT INTO public.activity_logs (id, action, ip_address, team_id, "timestamp", user_id) VALUES ('8f055d4d-3de0-451a-9f28-90867dbeeb94', 'SIGN_IN', '', 'dd6d3514-4f70-4b66-9c2a-76785d72066a', '2025-07-15 07:00:44.08153', '44b57acf-bc18-4dcd-a1dc-e73a2dbefca9');
INSERT INTO public.activity_logs (id, action, ip_address, team_id, "timestamp", user_id) VALUES ('650dae4b-c8ef-4033-9d2d-c33f2286d60c', 'SIGN_IN', '', 'dd6d3514-4f70-4b66-9c2a-76785d72066a', '2025-07-17 06:23:49.597868', '44b57acf-bc18-4dcd-a1dc-e73a2dbefca9');
INSERT INTO public.activity_logs (id, action, ip_address, team_id, "timestamp", user_id) VALUES ('b863e6ea-9c3a-4cb6-8e80-8b524085bf46', 'SIGN_IN', '', 'dd6d3514-4f70-4b66-9c2a-76785d72066a', '2025-07-21 05:24:00.776843', '44b57acf-bc18-4dcd-a1dc-e73a2dbefca9');
INSERT INTO public.activity_logs (id, action, ip_address, team_id, "timestamp", user_id) VALUES ('58983d70-f4a3-4ffc-861c-4272166c70cf', 'SIGN_IN', '', 'dd6d3514-4f70-4b66-9c2a-76785d72066a', '2025-07-22 10:35:38.355603', '44b57acf-bc18-4dcd-a1dc-e73a2dbefca9');
INSERT INTO public.activity_logs (id, action, ip_address, team_id, "timestamp", user_id) VALUES ('a4cd0a99-e838-4fc7-967e-262ad0caf1cf', 'SIGN_IN', '', 'dd6d3514-4f70-4b66-9c2a-76785d72066a', '2025-07-22 10:35:38.35872', '44b57acf-bc18-4dcd-a1dc-e73a2dbefca9');
INSERT INTO public.activity_logs (id, action, ip_address, team_id, "timestamp", user_id) VALUES ('1446877b-cf04-4512-b55c-b9941ae4e4c2', 'SIGN_IN', '', 'dd6d3514-4f70-4b66-9c2a-76785d72066a', '2025-07-22 10:35:38.359438', '44b57acf-bc18-4dcd-a1dc-e73a2dbefca9');
INSERT INTO public.activity_logs (id, action, ip_address, team_id, "timestamp", user_id) VALUES ('dace3558-6614-45d6-8df0-c63f3f44383b', 'SIGN_IN', '', 'dd6d3514-4f70-4b66-9c2a-76785d72066a', '2025-07-22 10:35:38.356458', '44b57acf-bc18-4dcd-a1dc-e73a2dbefca9');
INSERT INTO public.activity_logs (id, action, ip_address, team_id, "timestamp", user_id) VALUES ('413207e9-d006-48dc-82f6-9bd3229103fc', 'SIGN_IN', '', 'dd6d3514-4f70-4b66-9c2a-76785d72066a', '2025-07-24 05:22:25.951809', '44b57acf-bc18-4dcd-a1dc-e73a2dbefca9');
INSERT INTO public.activity_logs (id, action, ip_address, team_id, "timestamp", user_id) VALUES ('e3eb5ad5-ae23-41d6-8457-cbd9dd61a806', 'SIGN_IN', '', 'dd6d3514-4f70-4b66-9c2a-76785d72066a', '2025-07-25 06:40:31.595244', '44b57acf-bc18-4dcd-a1dc-e73a2dbefca9');
INSERT INTO public.activity_logs (id, action, ip_address, team_id, "timestamp", user_id) VALUES ('75dabca4-eaf0-4be6-95af-8f71273c55c0', 'SIGN_IN', '', 'dd6d3514-4f70-4b66-9c2a-76785d72066a', '2025-07-28 05:16:37.235981', '44b57acf-bc18-4dcd-a1dc-e73a2dbefca9');


--
-- Data for Name: contacts; Type: TABLE DATA; Schema: public; Owner: postgres
--

INSERT INTO public.contacts (id, name, created_at, deleted_at, updated_at, assigned_to, email, interests, last_message_date, message, opt_in, phone, tags, team_id) VALUES ('fd6c07df-adf9-4ed0-8160-1329d18206ce', 'Miss Ada Cormier', '2025-03-22 23:03:19.372', NULL, '2025-05-30 20:07:03.566', NULL, 'demo-Orville.Botsford44@gmail.com', '[]', NULL, 'Suus coma acsi sufficio verecundia quis saepe dignissimos aggredior tyrannus. Tremo adsuesco sol. Desparatus sumptus adhuc occaecati substantia thermae suscipio impedit tyrannus adulatio.', true, '15929405577', '["vip"]', 'f89e95e0-e317-4e7b-a319-7b4755c6bb75');
INSERT INTO public.contacts (id, name, created_at, deleted_at, updated_at, assigned_to, email, interests, last_message_date, message, opt_in, phone, tags, team_id) VALUES ('f1763bf2-113c-4626-912d-1febb3059aa0', 'Lamar Heathcote-Mertz', '2024-07-19 07:04:37.846', NULL, '2025-06-05 23:08:35.268', NULL, 'demo-Jaren_Tremblay37@yahoo.com', '["photography", "reading"]', NULL, 'Nostrum conventus trepide stella. In thymum collum vitium trucido depulso complectus dedecor.', true, '17435154867', '["follow-up", "important", "new", "newsletter", "prospect", "vip"]', 'f89e95e0-e317-4e7b-a319-7b4755c6bb75');
INSERT INTO public.contacts (id, name, created_at, deleted_at, updated_at, assigned_to, email, interests, last_message_date, message, opt_in, phone, tags, team_id) VALUES ('1bbbe073-ad5c-4842-8eef-edb270e9c9f6', 'Mrs. May Rice Sr.', '2025-01-20 00:14:02.363', NULL, '2025-05-31 21:12:44.407', NULL, 'demo-Leonard_Mertz@hotmail.com', '["travel", "sports"]', NULL, 'Subito audax clementia. Verbum ante convoco. Eius crepusculum tabula desparatus.', true, '14798292512', '["follow-up", "new", "newsletter", "prospect", "vip"]', 'f89e95e0-e317-4e7b-a319-7b4755c6bb75');
INSERT INTO public.contacts (id, name, created_at, deleted_at, updated_at, assigned_to, email, interests, last_message_date, message, opt_in, phone, tags, team_id) VALUES ('00cb85d2-cf90-4b9d-aae2-d9019f1c69b0', 'Malcolm Pollich', '2025-02-01 21:23:01.645', NULL, '2025-05-24 05:50:40.99', NULL, 'demo-Lorenzo.Larson@yahoo.com', '["art", "travel"]', NULL, 'Animi aliqua appono creo absum.', true, '15077602707', NULL, 'f89e95e0-e317-4e7b-a319-7b4755c6bb75');
INSERT INTO public.contacts (id, name, created_at, deleted_at, updated_at, assigned_to, email, interests, last_message_date, message, opt_in, phone, tags, team_id) VALUES ('5755f657-8c45-46eb-a21d-f611ab546385', 'Loretta Weissnat', '2024-11-11 14:41:24.315', NULL, '2025-05-31 05:19:46.669', NULL, 'demo-Orlo87@gmail.com', '["music", "photography", "sports"]', NULL, 'Sollers collum villa addo itaque. Animadverto venustas truculenter suffoco stips theatrum comparo. Cibus attollo utor sursum tribuo virgo vel.', true, '14249398893', '["follow-up", "important", "newsletter", "vip"]', 'f89e95e0-e317-4e7b-a319-7b4755c6bb75');
INSERT INTO public.contacts (id, name, created_at, deleted_at, updated_at, assigned_to, email, interests, last_message_date, message, opt_in, phone, tags, team_id) VALUES ('9ed7c4ab-f884-460b-b18d-db5f2e8a5925', 'Ella Ullrich', '2024-11-10 03:16:14.507', NULL, '2025-05-16 14:35:47.947', NULL, 'demo-Devonte34@gmail.com', '["reading", "art", "sports", "music", "travel"]', NULL, 'Depopulo apud perferendis quis tenax versus vulgo. Nemo umquam coniuratio barba ascit calculus suus aliquam.', true, '16145202005', '["prospect"]', 'f89e95e0-e317-4e7b-a319-7b4755c6bb75');
INSERT INTO public.contacts (id, name, created_at, deleted_at, updated_at, assigned_to, email, interests, last_message_date, message, opt_in, phone, tags, team_id) VALUES ('290a0942-e74f-4c84-a735-88b2d77d8af9', 'Ryan Ing', '2025-06-26 08:44:05.798144', NULL, NULL, NULL, '', '[]', NULL, '', true, '971555606707', '["test"]', 'dd6d3514-4f70-4b66-9c2a-76785d72066a');


--
-- Data for Name: conversation_members; Type: TABLE DATA; Schema: public; Owner: postgres
--



--
-- Data for Name: templates; Type: TABLE DATA; Schema: public; Owner: postgres
--

INSERT INTO public.templates (content, created_at, deleted_at, id, name, team_id, updated_at) VALUES ('{"id": "1086899940005075", "name": "hello_ingenious", "status": "APPROVED", "category": "MARKETING", "language": "en", "components": [{"text": "{{intro}}", "type": "HEADER", "format": "TEXT", "example": {"header_text_named_params": [{"example": "Hi", "param_name": "intro"}]}}, {"text": "Hello", "type": "BODY"}, {"text": "This is a sample message. Please ignore", "type": "FOOTER"}], "sub_category": "CUSTOM", "parameter_format": "NAMED"}', '2025-06-18 12:45:22.142144', NULL, '1086899940005075', 'hello_ingenious', 'f89e95e0-e317-4e7b-a319-7b4755c6bb75', NULL);
INSERT INTO public.templates (content, created_at, deleted_at, id, name, team_id, updated_at) VALUES ('{"id": "1491330198945911", "name": "aadi", "status": "APPROVED", "category": "MARKETING", "language": "en", "components": [{"text": "Aadi Mughal", "type": "BODY"}], "parameter_format": "POSITIONAL"}', '2025-08-06 11:15:17.895563', NULL, '1491330198945911', 'aadi', 'dd6d3514-4f70-4b66-9c2a-76785d72066a', NULL);
INSERT INTO public.templates (content, created_at, deleted_at, id, name, team_id, updated_at) VALUES ('{"id": "1374783090250396", "name": "text_custom_template", "status": "APPROVED", "category": "MARKETING", "language": "en", "components": [{"text": "This is a test template create on custom API", "type": "BODY"}], "parameter_format": "POSITIONAL"}', '2025-08-06 11:15:17.895563', NULL, '1374783090250396', 'text_custom_template', 'dd6d3514-4f70-4b66-9c2a-76785d72066a', NULL);
INSERT INTO public.templates (content, created_at, deleted_at, id, name, team_id, updated_at) VALUES ('{"id": "1938783220204977", "name": "john_doe", "status": "APPROVED", "category": "MARKETING", "language": "en", "components": [{"text": "Hello", "type": "BODY"}], "parameter_format": "POSITIONAL"}', '2025-08-06 11:15:17.895563', NULL, '1938783220204977', 'john_doe', 'dd6d3514-4f70-4b66-9c2a-76785d72066a', NULL);
INSERT INTO public.templates (content, created_at, deleted_at, id, name, team_id, updated_at) VALUES ('{"id": "1545669316869862", "name": "test_imgg_v2", "status": "APPROVED", "category": "MARKETING", "language": "en", "components": [{"text": "hello hhhhh", "type": "BODY"}, {"text": "testingggg", "type": "FOOTER"}, {"type": "BUTTONS", "buttons": [{"text": "ing", "type": "PHONE_NUMBER", "phone_number": "+971555159405"}, {"text": "sdaf", "type": "QUICK_REPLY"}]}], "parameter_format": "POSITIONAL"}', '2025-08-25 10:16:38.140762', NULL, '1545669316869862', 'test_imgg_v2', 'dd6d3514-4f70-4b66-9c2a-76785d72066a', NULL);
INSERT INTO public.templates (content, created_at, deleted_at, id, name, team_id, updated_at) VALUES ('{"id": "608881108929658", "name": "ingenious_test", "status": "APPROVED", "category": "MARKETING", "language": "en", "components": [{"text": "Testing mock", "type": "BODY"}], "parameter_format": "POSITIONAL"}', '2025-08-06 11:15:17.895563', NULL, '608881108929658', 'ingenious_test', 'dd6d3514-4f70-4b66-9c2a-76785d72066a', NULL);
INSERT INTO public.templates (content, created_at, deleted_at, id, name, team_id, updated_at) VALUES ('{"id": "759236149844118", "name": "test_1", "status": "APPROVED", "category": "MARKETING", "language": "en", "components": [{"text": "sadf", "type": "BODY"}], "parameter_format": "POSITIONAL"}', '2025-08-06 11:15:17.895563', '2026-01-12 18:54:27.648', '759236149844118', 'test_1', 'dd6d3514-4f70-4b66-9c2a-76785d72066a', NULL);
INSERT INTO public.templates (content, created_at, deleted_at, id, name, team_id, updated_at) VALUES ('{"id": "1106430104422901", "name": "test_imgg_test", "status": "APPROVED", "category": "MARKETING", "language": "en", "components": [{"text": "hello hi", "type": "BODY"}, {"text": "testingggg", "type": "FOOTER"}, {"type": "BUTTONS", "buttons": [{"text": "ing", "type": "PHONE_NUMBER", "phone_number": "+971555159405"}, {"text": "TEST", "type": "QUICK_REPLY"}]}], "parameter_format": "POSITIONAL"}', '2025-08-25 10:09:18.601952', NULL, '1106430104422901', 'test_imgg_test', 'dd6d3514-4f70-4b66-9c2a-76785d72066a', NULL);
INSERT INTO public.templates (content, created_at, deleted_at, id, name, team_id, updated_at) VALUES ('{"id": "1218558289954489", "name": "test_imgge", "status": "APPROVED", "category": "MARKETING", "language": "en", "components": [{"text": "hello hi", "type": "BODY"}, {"text": "testingggg", "type": "FOOTER"}, {"type": "BUTTONS", "buttons": [{"text": "ing", "type": "PHONE_NUMBER", "phone_number": "+971555159405"}, {"text": "sdaf", "type": "QUICK_REPLY"}]}], "parameter_format": "POSITIONAL"}', '2025-08-25 06:50:03.24186', NULL, '1218558289954489', 'test_imgge', 'dd6d3514-4f70-4b66-9c2a-76785d72066a', NULL);
INSERT INTO public.templates (content, created_at, deleted_at, id, name, team_id, updated_at) VALUES ('{"id": "1103208154569944", "name": "dynamic_url_button", "status": "APPROVED", "category": "MARKETING", "language": "en", "components": [{"text": "Hello this is a sample test message for the button", "type": "BODY"}, {"text": "This is a sample test message", "type": "FOOTER"}, {"type": "BUTTONS", "buttons": [{"url": "https://ingeniousuae.com/{{1}}", "text": "Visit website", "type": "URL", "example": ["https://ingeniousuae.com/"]}]}], "sub_category": "CUSTOM", "parameter_format": "POSITIONAL"}', '2025-08-22 09:15:26.822784', NULL, '1103208154569944', 'dynamic_url_button', 'dd6d3514-4f70-4b66-9c2a-76785d72066a', NULL);
INSERT INTO public.templates (content, created_at, deleted_at, id, name, team_id, updated_at) VALUES ('{"id": "1071045325157949", "name": "sample_header_change_template_on_api", "status": "APPROVED", "category": "MARKETING", "language": "en", "components": [{"type": "HEADER", "format": "IMAGE", "example": {"header_handle": ["https://scontent.whatsapp.net/v/t61.29466-34/491844491_1071045328491282_8489369239032195173_n.jpg?ccb=1-7&_nc_sid=8b1bef&_nc_ohc=zbs3zjqKfZ4Q7kNvwFBkUnE&_nc_oc=AdmktIsSQRhXuEB1_ayANf4jGRVTbc8aWF0uZwRRhrFcbiTNj_cLqc-A9E9ZCkA81fII6pN213V7pvHr2Fp19lkx&_nc_zt=3&_nc_ht=scontent.whatsapp.net&edm=AH51TzQEAAAA&_nc_gid=68XGbKYD7xtaH79c-lCNRg&_nc_tpa=Q5bMBQFaQNuQEfU8nRAX0Zo2rXZPqxAh1WM9wjFNdPXuH153WTZKwBKxwUWVGKGG74QikEQ6yxCgSOOF&oh=01_Q5Aa3gEpN65myjsF8-qsxYyaSP3sBs_Su-fg8GHKx6aSNUrUNg&oe=698CCF68"]}}, {"text": "Hi this is a sample image template", "type": "BODY"}, {"text": "this is a test image template", "type": "FOOTER"}, {"type": "BUTTONS", "buttons": [{"text": "Quick Reply", "type": "QUICK_REPLY"}, {"text": "Copy offer code", "type": "COPY_CODE", "example": ["1234"]}]}], "parameter_format": "POSITIONAL"}', '2025-08-20 08:53:31.930502', NULL, '1071045325157949', 'sample_header_change_template_on_api', 'dd6d3514-4f70-4b66-9c2a-76785d72066a', NULL);
INSERT INTO public.templates (content, created_at, deleted_at, id, name, team_id, updated_at) VALUES ('{"id": "777484511668219", "name": "this_is_a_test_on_header_navigate", "status": "APPROVED", "category": "MARKETING", "language": "en", "components": [{"type": "HEADER", "format": "IMAGE", "example": {"header_handle": ["https://scontent.whatsapp.net/v/t61.29466-34/534415830_777484515001552_9052728405619426290_n.jpg?ccb=1-7&_nc_sid=8b1bef&_nc_ohc=Td3tKygWIXEQ7kNvwFIBHIy&_nc_oc=AdkJp41N030nlWjU1mh638uvisRDCDT-UoffSogZQRbmaD0Qo3VIBkgiEmTqC9OT7F96sJoqKPgEcmzPfNYhJ6up&_nc_zt=3&_nc_ht=scontent.whatsapp.net&edm=AH51TzQEAAAA&_nc_gid=68XGbKYD7xtaH79c-lCNRg&_nc_tpa=Q5bMBQH9zMoNGTnWicJD3AbCe8t2KTFUffF2I4jKyc7Obp6z8fTzBN999xecc0MMVN3jBw5rMz9VoHDV&oh=01_Q5Aa3gE4OcM5Ug1zv4YV1_WqedjfWcJLR4MmUpjQ8hpH53jz9Q&oe=698C9C78"]}}, {"text": "Hi this is a sample image template", "type": "BODY"}, {"text": "this is a test image template", "type": "FOOTER"}], "parameter_format": "POSITIONAL"}', '2025-08-20 08:53:31.930502', NULL, '777484511668219', 'this_is_a_test_on_header_navigate', 'dd6d3514-4f70-4b66-9c2a-76785d72066a', NULL);
INSERT INTO public.templates (content, created_at, deleted_at, id, name, team_id, updated_at) VALUES ('{"id": "739435335597865", "name": "this_is_a_test_on_header_change", "status": "APPROVED", "category": "MARKETING", "language": "en", "components": [{"type": "HEADER", "format": "IMAGE", "example": {"header_handle": ["https://scontent.whatsapp.net/v/t61.29466-34/514250216_739435338931198_7879312075157503887_n.jpg?ccb=1-7&_nc_sid=8b1bef&_nc_ohc=ybVDO23YYwwQ7kNvwGCA2AU&_nc_oc=AdnfKUih0faYCot_ltISNY-N9J4o4mojCsfxJKK1CZie4659_WEBZJsCBg5AfVDD0Bhht0wMwS5_ozkTTuiJHfur&_nc_zt=3&_nc_ht=scontent.whatsapp.net&edm=AH51TzQEAAAA&_nc_gid=68XGbKYD7xtaH79c-lCNRg&_nc_tpa=Q5bMBQFg1VRLet3ZZ9tXM_oqDEDIKnEuX8J_pGQiMZAznM9nE_E6cdlbMEYchFNxJmhC1ZyRlZtFUVOI&oh=01_Q5Aa3gFs6Z01BO496aPSOdDyvGGRNJW9DyU7ClQZOnhZFLlg1Q&oe=698CCBF5"]}}, {"text": "Hi this is a sample image template", "type": "BODY"}, {"text": "this is a test image template", "type": "FOOTER"}], "parameter_format": "POSITIONAL"}', '2025-08-20 08:53:31.930502', NULL, '739435335597865', 'this_is_a_test_on_header_change', 'dd6d3514-4f70-4b66-9c2a-76785d72066a', NULL);
INSERT INTO public.templates (content, created_at, deleted_at, id, name, team_id, updated_at) VALUES ('{"id": "1141584521153784", "name": "image_demo_carousel", "status": "REJECTED", "category": "MARKETING", "language": "en", "components": [{"text": "Hi this is {{1}}", "type": "BODY", "example": {"body_text": [["Shan"]]}}, {"type": "CAROUSEL", "cards": [{"components": [{"type": "HEADER", "format": "IMAGE", "example": {"header_handle": ["https://scontent.whatsapp.net/v/t61.29466-34/521473508_1785840138800367_6003149658371513647_n.jpg?ccb=1-7&_nc_sid=a80384&_nc_ohc=uKux-cXVRQsQ7kNvwE80mBX&_nc_oc=AdmPIQ_TxclLbcEFrYLA1rWU0efgdFyQ8EnIenF4B32jmKDI0IKdeCdNQFLa-w9lQbdfQaECxhe7UOe_SKV-K2dZ&_nc_zt=3&_nc_ht=scontent.whatsapp.net&edm=AH51TzQEAAAA&_nc_gid=68XGbKYD7xtaH79c-lCNRg&oh=01_Q5Aa3gHoDVf5Tvrz0eobew11RNfo44qT0sYGNsWkmZx-ImkekA&oe=698CB45B"]}}, {"type": "BUTTONS", "buttons": [{"text": "this is start", "type": "QUICK_REPLY"}, {"text": "this is end", "type": "QUICK_REPLY"}]}]}, {"components": [{"type": "HEADER", "format": "IMAGE", "example": {"header_handle": ["https://scontent.whatsapp.net/v/t61.29466-34/534427033_1938426883589115_2212601911112581028_n.jpg?ccb=1-7&_nc_sid=a80384&_nc_ohc=Dm1WSHd84uMQ7kNvwGtYWKI&_nc_oc=AdmYiVKlJGpaJU3lil5nhHDqjx4N3FXybNRURb5Pqwl5GplaZar16vrEYG6q_hFfn8Ec64ZqHRCXyL5IRb0OhYw2&_nc_zt=3&_nc_ht=scontent.whatsapp.net&edm=AH51TzQEAAAA&_nc_gid=68XGbKYD7xtaH79c-lCNRg&oh=01_Q5Aa3gFteiT_UL67kI536rQz-ujwDECsFqmernZzjfBXV10c9g&oe=698CAD2D"]}}, {"type": "BUTTONS", "buttons": [{"text": "this is an other 1st", "type": "QUICK_REPLY"}, {"text": "this is another 2nd", "type": "QUICK_REPLY"}]}]}]}], "parameter_format": "POSITIONAL"}', '2025-08-20 08:53:31.930502', NULL, '1141584521153784', 'image_demo_carousel', 'dd6d3514-4f70-4b66-9c2a-76785d72066a', NULL);
INSERT INTO public.templates (content, created_at, deleted_at, id, name, team_id, updated_at) VALUES ('{"id": "1339607504401587", "name": "image_demo_dubai", "status": "REJECTED", "category": "MARKETING", "language": "en", "components": [{"text": "Hi this is {{1}}", "type": "BODY", "example": {"body_text": [["Shan"]]}}, {"type": "CAROUSEL", "cards": [{"components": [{"type": "HEADER", "format": "IMAGE", "example": {"header_handle": ["https://scontent.whatsapp.net/v/t61.29466-34/516863794_1965808807325168_8850521095909746218_n.jpg?ccb=1-7&_nc_sid=a80384&_nc_ohc=Jp0tsNyZs8wQ7kNvwH6Sbdj&_nc_oc=AdnftrRr06d3h2_MQIH4d3_I3GVPdXpeD-gM3dmpcYq80_5Mygs0Mb-wVktr8CMBPMZLIhq-AzF8_idu-8Wj6jY5&_nc_zt=3&_nc_ht=scontent.whatsapp.net&edm=AH51TzQEAAAA&_nc_gid=68XGbKYD7xtaH79c-lCNRg&oh=01_Q5Aa3gEgo4dIjfnYCEG3SfI74BzHXpsLuFF1N8AwShWJpX-CXw&oe=698CB04B"]}}, {"type": "BUTTONS", "buttons": [{"text": "this is start", "type": "QUICK_REPLY"}, {"text": "this is end", "type": "QUICK_REPLY"}]}]}, {"components": [{"type": "HEADER", "format": "IMAGE", "example": {"header_handle": ["https://scontent.whatsapp.net/v/t61.29466-34/536437472_1101372534792011_7973802797614912716_n.jpg?ccb=1-7&_nc_sid=a80384&_nc_ohc=B6kLxB2DjKYQ7kNvwEYR3MU&_nc_oc=AdmJnKJW9a4MlgfPyEWeJd3ibHfpomMfx1IL4J9UlE8GF8gc-loGe2CPFHSqMEWOIsrF_JlbYHEG3PboODeCqysx&_nc_zt=3&_nc_ht=scontent.whatsapp.net&edm=AH51TzQEAAAA&_nc_gid=68XGbKYD7xtaH79c-lCNRg&oh=01_Q5Aa3gE7K8lvhMqdY1rdg4of9Qm_ej43Q48rdeCE3ADSbEU7eA&oe=698CBF18"]}}, {"type": "BUTTONS", "buttons": [{"text": "this is an other 1st", "type": "QUICK_REPLY"}, {"text": "this is another 2nd", "type": "QUICK_REPLY"}]}]}]}], "parameter_format": "POSITIONAL"}', '2025-08-20 08:53:31.930502', NULL, '1339607504401587', 'image_demo_dubai', 'dd6d3514-4f70-4b66-9c2a-76785d72066a', NULL);
INSERT INTO public.templates (content, created_at, deleted_at, id, name, team_id, updated_at) VALUES ('{"id": "1024276236283667", "name": "image_demo_car", "status": "REJECTED", "category": "MARKETING", "language": "en", "components": [{"text": "Hi this is {{1}}", "type": "BODY", "example": {"body_text": [["Shan"]]}}, {"type": "CAROUSEL", "cards": [{"components": [{"type": "HEADER", "format": "IMAGE", "example": {"header_handle": ["https://scontent.whatsapp.net/v/t61.29466-34/534423065_1325450582546224_3517482428194243117_n.jpg?ccb=1-7&_nc_sid=a80384&_nc_ohc=U-LG84DOlX4Q7kNvwHsyCyK&_nc_oc=AdkaMRMVmUTgLHjwDk61DXrjs5dkrFdKSb2wW9mrC_TSDFRNwYPdzV6ffZ3VRKqefNTOu6ji8s-kT3IH20WGFppo&_nc_zt=3&_nc_ht=scontent.whatsapp.net&edm=AH51TzQEAAAA&_nc_gid=68XGbKYD7xtaH79c-lCNRg&oh=01_Q5Aa3gENQe6ERN5tCdSEVzQvnzkXM2uULlyytcHNqI1IVkfKGQ&oe=698CA2FD"]}}, {"type": "BUTTONS", "buttons": [{"text": "this is start", "type": "QUICK_REPLY"}, {"text": "this is end", "type": "QUICK_REPLY"}]}]}, {"components": [{"type": "HEADER", "format": "IMAGE", "example": {"header_handle": ["https://scontent.whatsapp.net/v/t61.29466-34/534414507_1095553368780994_2801805144006937602_n.jpg?ccb=1-7&_nc_sid=a80384&_nc_ohc=5mgPLLF9c5oQ7kNvwEAHhWZ&_nc_oc=Adk2i8TxQ7HD40XkVJINknr8tBxHrpPNmC4e4zbsHfJfZPvYTCJdtek8SEXnLs-aO-IBPCmNuErmSo54-oGraVB6&_nc_zt=3&_nc_ht=scontent.whatsapp.net&edm=AH51TzQEAAAA&_nc_gid=68XGbKYD7xtaH79c-lCNRg&oh=01_Q5Aa3gFnnbQ3IxIbHApChjha67-jFGflNaPnkaTtm5qQthIDww&oe=698CBC52"]}}, {"type": "BUTTONS", "buttons": [{"text": "this is an other 1st", "type": "QUICK_REPLY"}, {"text": "this is another 2nd", "type": "QUICK_REPLY"}]}]}]}], "parameter_format": "POSITIONAL"}', '2025-08-20 08:53:31.930502', NULL, '1024276236283667', 'image_demo_car', 'dd6d3514-4f70-4b66-9c2a-76785d72066a', NULL);
INSERT INTO public.templates (content, created_at, deleted_at, id, name, team_id, updated_at) VALUES ('{"id": "758447820108157", "name": "test_campign", "status": "REJECTED", "category": "MARKETING", "language": "en", "components": [{"text": "Tests", "type": "HEADER", "format": "TEXT"}, {"text": "hello this is ingernous digital marketing {{1}}", "type": "BODY", "example": {"body_text": [["mANAGEMENT"]]}}, {"text": "test", "type": "FOOTER"}], "parameter_format": "POSITIONAL"}', '2025-08-20 08:53:31.930502', NULL, '758447820108157', 'test_campign', 'dd6d3514-4f70-4b66-9c2a-76785d72066a', NULL);
INSERT INTO public.templates (content, created_at, deleted_at, id, name, team_id, updated_at) VALUES ('{"id": "758420683585610", "name": "test_campign_13435", "status": "REJECTED", "category": "MARKETING", "language": "en", "components": [{"text": "Tests", "type": "HEADER", "format": "TEXT"}, {"text": "hello this is ingernous digital marketing {{1}}", "type": "BODY", "example": {"body_text": [["mANAGEMENT"]]}}, {"text": "test", "type": "FOOTER"}], "parameter_format": "POSITIONAL"}', '2025-08-20 08:53:31.930502', NULL, '758420683585610', 'test_campign_13435', 'dd6d3514-4f70-4b66-9c2a-76785d72066a', NULL);
INSERT INTO public.templates (content, created_at, deleted_at, id, name, team_id, updated_at) VALUES ('{"id": "1515210209533878", "name": "this_is_a_demo_aug19", "status": "APPROVED", "category": "MARKETING", "language": "en", "components": [{"type": "HEADER", "format": "IMAGE", "example": {"header_handle": ["https://scontent.whatsapp.net/v/t61.29466-34/505419344_1515210212867211_1311236999437617357_n.jpg?ccb=1-7&_nc_sid=8b1bef&_nc_ohc=MF2k5UT18VAQ7kNvwEkheni&_nc_oc=AdkdifXP-6Bjw-8f79bOmzbSXSGEfBOvD4F6OIbA-CaZ-mGkkW_i92RdhsbtxnZXlhL65WNg9u27YKS_Yx_gY8FD&_nc_zt=3&_nc_ht=scontent.whatsapp.net&edm=AH51TzQEAAAA&_nc_gid=68XGbKYD7xtaH79c-lCNRg&_nc_tpa=Q5bMBQHuWJgHlV7sj4TBxPFtXZh6BOV0Qfu7vnu5rgpycLKPRbZgS7YNumc7F_5kzttzKTZs1R13tUzH&oh=01_Q5Aa3gHBL_w_vjw78ruI4J-TX_2csIMcJ3_7wUUjnERH8kTY2w&oe=698CB2BB"]}}, {"text": "Hi this is a sample image template", "type": "BODY"}, {"text": "this is a test image template", "type": "FOOTER"}, {"type": "BUTTONS", "buttons": [{"text": "Quick Reply", "type": "QUICK_REPLY"}]}], "parameter_format": "POSITIONAL"}', '2025-08-20 08:53:31.930502', NULL, '1515210209533878', 'this_is_a_demo_aug19', 'dd6d3514-4f70-4b66-9c2a-76785d72066a', NULL);
INSERT INTO public.templates (content, created_at, deleted_at, id, name, team_id, updated_at) VALUES ('{"id": "1095416249226039", "name": "demo_carousel_api", "status": "APPROVED", "category": "MARKETING", "language": "en", "components": [{"text": "This is a a sample template", "type": "BODY"}, {"type": "CAROUSEL", "cards": [{"components": [{"type": "HEADER", "format": "IMAGE", "example": {"header_handle": ["https://scontent.whatsapp.net/v/t61.29466-34/534415283_1262321261794783_4913746420815483016_n.jpg?ccb=1-7&_nc_sid=a80384&_nc_ohc=1QW5zuQLLx0Q7kNvwElY5A3&_nc_oc=AdntyGImWKy32suduH4FhYJJxq4YIZVgym1JANnODI9kw3fsDSNyr0PQfew_rNdlPhkCTXhuDbN8orbmJqqG8yAE&_nc_zt=3&_nc_ht=scontent.whatsapp.net&edm=AH51TzQEAAAA&_nc_gid=68XGbKYD7xtaH79c-lCNRg&oh=01_Q5Aa3gGEQWDX8fgtF94jEc5XMdMo8kNJ28sCyjZVLdNtsd2PdA&oe=698CC195"]}}, {"type": "BUTTONS", "buttons": [{"text": "Quick Reply", "type": "QUICK_REPLY"}]}]}, {"components": [{"type": "HEADER", "format": "IMAGE", "example": {"header_handle": ["https://scontent.whatsapp.net/v/t61.29466-34/534424919_1481736489696719_1271224908733795688_n.jpg?ccb=1-7&_nc_sid=a80384&_nc_ohc=jylYX-N6kDsQ7kNvwFcr5mG&_nc_oc=AdkOjOhgPvv2VfxclCXqMp1M7QYSGLBuYjn80WWHpxFPKjMPcheACtLbQ-kr2HmAV_zkuZz9-c5n4jdDopvBFuzA&_nc_zt=3&_nc_ht=scontent.whatsapp.net&edm=AH51TzQEAAAA&_nc_gid=68XGbKYD7xtaH79c-lCNRg&oh=01_Q5Aa3gE7AF27XjGcrhdp9z8IlQVpECitRzO5VXPuwQ83iF5jkw&oe=698CC5DE"]}}, {"type": "BUTTONS", "buttons": [{"text": "Reply", "type": "QUICK_REPLY"}]}]}]}], "parameter_format": "POSITIONAL"}', '2025-08-20 08:53:31.930502', NULL, '1095416249226039', 'demo_carousel_api', 'dd6d3514-4f70-4b66-9c2a-76785d72066a', NULL);
INSERT INTO public.templates (content, created_at, deleted_at, id, name, team_id, updated_at) VALUES ('{"id": "808279838222149", "name": "wa_test_template_carousel_api", "status": "APPROVED", "category": "MARKETING", "language": "en", "components": [{"text": "This is a a sample template", "type": "BODY"}, {"type": "CAROUSEL", "cards": [{"components": [{"type": "HEADER", "format": "IMAGE", "example": {"header_handle": ["https://scontent.whatsapp.net/v/t61.29466-34/516742803_1118540370184284_6710698758844063778_n.jpg?ccb=1-7&_nc_sid=a80384&_nc_ohc=Sg1oqPc_QYoQ7kNvwGvS4ut&_nc_oc=Adl3IWu-YZqMBdapPrs9RSWn7xaGr058N9eFV8Tq2LViyhO1VPr_b24NDVhypYZg1OC-QmMnqPITR8bLjXWqJxzd&_nc_zt=3&_nc_ht=scontent.whatsapp.net&edm=AH51TzQEAAAA&_nc_gid=68XGbKYD7xtaH79c-lCNRg&oh=01_Q5Aa3gGk3F_qbgaRuMofxJTc1ILb_R4Yv6Wpxt3HB3McYDWfwQ&oe=698CBA7D"]}}, {"type": "BUTTONS", "buttons": [{"text": "Quick Reply", "type": "QUICK_REPLY"}, {"url": "https://ingenious.ae/", "text": "Link", "type": "URL"}]}]}, {"components": [{"type": "HEADER", "format": "IMAGE", "example": {"header_handle": ["https://scontent.whatsapp.net/v/t61.29466-34/534421696_2287302018384426_4772328321747738505_n.jpg?ccb=1-7&_nc_sid=a80384&_nc_ohc=u0Yonp25asYQ7kNvwG_T1PY&_nc_oc=AdmM3EwtTQfoelA5rgBa9fde7flgDvVLErXN8wp6F7jZQMdDMgHs2JmVqgC1HzjzvVhFnGi6Pz7r4nHyDsH7uoE4&_nc_zt=3&_nc_ht=scontent.whatsapp.net&edm=AH51TzQEAAAA&_nc_gid=68XGbKYD7xtaH79c-lCNRg&oh=01_Q5Aa3gF_TDcdJMXWPlLYwIbEZF_Um2orLSZjGPyKjPsFtVTgiA&oe=698C9DCB"]}}, {"type": "BUTTONS", "buttons": [{"text": "Reply", "type": "QUICK_REPLY"}, {"url": "https://ingenious.ae/", "text": "Link", "type": "URL"}]}]}]}], "parameter_format": "POSITIONAL"}', '2025-08-14 10:43:28.888343', NULL, '808279838222149', 'wa_test_template_carousel_api', 'dd6d3514-4f70-4b66-9c2a-76785d72066a', NULL);
INSERT INTO public.templates (content, created_at, deleted_at, id, name, team_id, updated_at) VALUES ('{"id": "1053582363225892", "name": "test", "status": "APPROVED", "category": "MARKETING", "language": "en", "components": [{"text": "Hi this is a sample image template", "type": "BODY"}, {"type": "BUTTONS", "buttons": [{"text": "Unsubscribe", "type": "QUICK_REPLY"}]}], "parameter_format": "POSITIONAL"}', '2025-08-14 10:43:28.888343', NULL, '1053582363225892', 'test', 'dd6d3514-4f70-4b66-9c2a-76785d72066a', NULL);
INSERT INTO public.templates (content, created_at, deleted_at, id, name, team_id, updated_at) VALUES ('{"id": "622557627596011", "name": "carousel_test_sample", "status": "APPROVED", "category": "MARKETING", "language": "en", "components": [{"text": "Shop now through {{1}} and use code {{2}} to get {{3}} off of all merchandise.", "type": "BODY", "example": {"body_text": [["the end of August", "25OFF", "25%"]]}}, {"type": "CAROUSEL", "cards": [{"components": [{"type": "HEADER", "format": "IMAGE", "example": {"header_handle": ["https://scontent.whatsapp.net/v/t61.29466-34/516742803_1829414747789344_8220125981333991983_n.jpg?ccb=1-7&_nc_sid=a80384&_nc_ohc=QDb-_qQ2cGgQ7kNvwHM8rkr&_nc_oc=AdmjMDzjEkzMDMqKW3mbgkO0faU09dG0tbrOU5tT4ABWxMhWAq4Z8dhO-CNZiOUFwfP1aX4Usp0XmL5IT2OmJaa0&_nc_zt=3&_nc_ht=scontent.whatsapp.net&edm=AH51TzQEAAAA&_nc_gid=68XGbKYD7xtaH79c-lCNRg&oh=01_Q5Aa3gHG7Mu5Ycw-f04LV_qN3-yrtYUCuCuyBIr2pCkFy5MGdQ&oe=698C9CAD"]}}, {"type": "BUTTONS", "buttons": [{"text": "QUICK REPLY", "type": "QUICK_REPLY"}, {"url": "https://ingenious.ae/", "text": "LINK", "type": "URL"}]}]}, {"components": [{"type": "HEADER", "format": "IMAGE", "example": {"header_handle": ["https://scontent.whatsapp.net/v/t61.29466-34/528762405_2252336758565768_4141987931879133415_n.jpg?ccb=1-7&_nc_sid=a80384&_nc_ohc=2j9rK35fNqcQ7kNvwEZWhYR&_nc_oc=AdlNYJY2UuwlOR4C1II5WWiFpTazCGKbupOcJD8wu98xc5itqjv4HLe84kEfECVrASTJtt-QEvLl3fTXRxgyjGrL&_nc_zt=3&_nc_ht=scontent.whatsapp.net&edm=AH51TzQEAAAA&_nc_gid=68XGbKYD7xtaH79c-lCNRg&oh=01_Q5Aa3gEsnYKSsmNKQWO6R6CDiAz1AuqzgYD12EVwZnsu3B_xiQ&oe=698CAF86"]}}, {"type": "BUTTONS", "buttons": [{"text": "QUICK REPLY", "type": "QUICK_REPLY"}, {"url": "https://ingenious.ae/", "text": "LINK", "type": "URL"}]}]}]}], "parameter_format": "POSITIONAL"}', '2025-08-14 10:43:28.888343', NULL, '622557627596011', 'carousel_test_sample', 'dd6d3514-4f70-4b66-9c2a-76785d72066a', NULL);
INSERT INTO public.templates (content, created_at, deleted_at, id, name, team_id, updated_at) VALUES ('{"id": "1058971783110481", "name": "test_url_btn", "status": "APPROVED", "category": "MARKETING", "language": "en", "components": [{"text": "Hello test", "type": "HEADER", "format": "TEXT"}, {"text": "Hi this is a sample image template", "type": "BODY"}, {"text": "this is a test image template", "type": "FOOTER"}, {"type": "BUTTONS", "buttons": [{"url": "https://ingenious.ae/", "text": "Link", "type": "URL"}]}], "parameter_format": "POSITIONAL"}', '2025-08-14 10:43:28.888343', NULL, '1058971783110481', 'test_url_btn', 'dd6d3514-4f70-4b66-9c2a-76785d72066a', NULL);
INSERT INTO public.templates (content, created_at, deleted_at, id, name, team_id, updated_at) VALUES ('{"id": "1291261479323998", "name": "sample_clickable_image", "status": "REJECTED", "category": "MARKETING", "language": "en", "components": [{"type": "HEADER", "format": "IMAGE"}, {"text": "Hi this is a sample image template 12", "type": "BODY"}, {"text": "this is a test image template23", "type": "FOOTER"}, {"type": "BUTTONS", "buttons": [{"text": "Subscribe", "type": "QUICK_REPLY"}, {"text": "sdaf", "type": "QUICK_REPLY"}]}], "parameter_format": "POSITIONAL"}', '2025-08-14 10:43:28.888343', NULL, '1291261479323998', 'sample_clickable_image', 'dd6d3514-4f70-4b66-9c2a-76785d72066a', '2025-08-26 10:21:24.875');
INSERT INTO public.templates (content, created_at, deleted_at, id, name, team_id, updated_at) VALUES ('{"id": "1692179734795083", "name": "test_imgg", "status": "APPROVED", "category": "MARKETING", "language": "en", "components": [{"text": "hello hi", "type": "BODY"}, {"text": "testingggg", "type": "FOOTER"}, {"type": "BUTTONS", "buttons": [{"text": "ing", "type": "PHONE_NUMBER", "phone_number": "+971555159405"}, {"text": "sdaf", "type": "QUICK_REPLY"}]}], "parameter_format": "POSITIONAL"}', '2025-08-11 08:08:46.98781', NULL, '1692179734795083', 'test_imgg', 'dd6d3514-4f70-4b66-9c2a-76785d72066a', '2025-08-25 10:17:47.844');
INSERT INTO public.templates (content, created_at, deleted_at, id, name, team_id, updated_at) VALUES ('{"id": "24189043154109943", "name": "sample_image_template_on_api", "status": "APPROVED", "category": "MARKETING", "language": "en", "components": [{"type": "HEADER", "format": "IMAGE", "example": {"header_handle": ["https://scontent.whatsapp.net/v/t61.29466-34/518458855_24189043164109942_6315685128357119272_n.jpg?ccb=1-7&_nc_sid=8b1bef&_nc_ohc=EGvciw7EgygQ7kNvwF7Peqr&_nc_oc=Adkru_k_TQ8tR9z03OAvtjPBlyEUyNsB7_dPWUtrEmMkfc4cb8WYgwF0WHF-vbfHphBU5jtITvqcU3paBQXLenpi&_nc_zt=3&_nc_ht=scontent.whatsapp.net&edm=AH51TzQEAAAA&_nc_gid=68XGbKYD7xtaH79c-lCNRg&_nc_tpa=Q5bMBQEiN8gtAj0aTLqjee-7dAL4PpJahH0lo_d7OPkZPCS6mazs1D_8GcrMmUiMokEbhK3tHM4pGASn&oh=01_Q5Aa3gEPiyKMz4im1btJ2MkUhKFQefD-puA8fEiiW2Xo9oNIXQ&oe=698CB132"]}}, {"text": "Hi this is a sample image template", "type": "BODY"}, {"text": "this is a test image template", "type": "FOOTER"}, {"type": "BUTTONS", "buttons": [{"text": "Call on WhatsApp", "type": "VOICE_CALL", "ttl_minutes": 10080}]}], "parameter_format": "POSITIONAL"}', '2025-08-11 08:08:46.98781', NULL, '24189043154109943', 'sample_image_template_on_api', 'dd6d3514-4f70-4b66-9c2a-76785d72066a', '2025-08-22 10:11:39.918');
INSERT INTO public.templates (content, created_at, deleted_at, id, name, team_id, updated_at) VALUES ('{"id": "1922780358567633", "name": "asdf", "status": "APPROVED", "category": "MARKETING", "language": "en", "components": [{"type": "HEADER", "format": "IMAGE", "example": {"header_handle": ["https://scontent.whatsapp.net/v/t61.29466-34/523368017_1922780361900966_5809878742245181597_n.jpg?ccb=1-7&_nc_sid=8b1bef&_nc_ohc=tqAgE-VovtQQ7kNvwHbmqpS&_nc_oc=Adkuua9gupQZz-C6_p9pHnjcOOf9DjEpNFmb6f5OTwZh7iUibjmnOw2pR1Z5_SaZiYzSrtzMCm8ppb1_TZeW1K3r&_nc_zt=3&_nc_ht=scontent.whatsapp.net&edm=AH51TzQEAAAA&_nc_gid=68XGbKYD7xtaH79c-lCNRg&_nc_tpa=Q5bMBQHuUNbvxw6sJJLqPMTgKuge1Rc_IGku_i4XKxBaZ92upnX1L706LrMdZFi3L8VneTuUNlsIm34C&oh=01_Q5Aa3gGKIZxff27ALPAUQK82rfMRV57xXRbwt7L5dd3Z4ukyLg&oe=698CCE92"]}}, {"text": "Hi this is a sample image template", "type": "BODY"}, {"text": "this is a test image template", "type": "FOOTER"}], "parameter_format": "POSITIONAL"}', '2025-08-11 08:08:46.98781', NULL, '1922780358567633', 'asdf', 'dd6d3514-4f70-4b66-9c2a-76785d72066a', NULL);
INSERT INTO public.templates (content, created_at, deleted_at, id, name, team_id, updated_at) VALUES ('{"id": "725492580311259", "name": "this_is_a_sample_template_on_api", "status": "APPROVED", "category": "MARKETING", "language": "en", "components": [{"text": "Hi {{1}}", "type": "HEADER", "format": "TEXT", "example": {"header_text": ["Ingenious"]}}, {"text": "This is a sample template only, ignore this image {{1}}", "type": "BODY", "example": {"body_text": [["the body"]]}}, {"text": "This is a test template", "type": "FOOTER"}, {"type": "BUTTONS", "buttons": [{"text": "Quick Reply", "type": "QUICK_REPLY"}]}], "parameter_format": "POSITIONAL"}', '2025-08-11 08:08:46.98781', NULL, '725492580311259', 'this_is_a_sample_template_on_api', 'dd6d3514-4f70-4b66-9c2a-76785d72066a', NULL);
INSERT INTO public.templates (content, created_at, deleted_at, id, name, team_id, updated_at) VALUES ('{"id": "4089976397912292", "name": "hello_shan", "status": "APPROVED", "category": "MARKETING", "language": "en", "components": [{"text": "Hello", "type": "BODY"}], "sub_category": "CUSTOM", "parameter_format": "POSITIONAL"}', '2025-07-29 11:09:17.200954', NULL, '4089976397912292', 'hello_shan', 'dd6d3514-4f70-4b66-9c2a-76785d72066a', NULL);
INSERT INTO public.templates (content, created_at, deleted_at, id, name, team_id, updated_at) VALUES ('{"id": "1325650635163990", "name": "test_positional_header", "status": "APPROVED", "category": "MARKETING", "language": "en", "components": [{"text": "Hi {{1}}", "type": "HEADER", "format": "TEXT", "example": {"header_text": ["Ryan"]}}, {"text": "Hello, this is a test message. don''t send this to anyone.", "type": "BODY"}, {"text": "reply STOP to unsubscribe", "type": "FOOTER"}], "sub_category": "CUSTOM", "parameter_format": "POSITIONAL"}', '2025-06-26 08:53:10.929107', NULL, '1325650635163990', 'test_positional_header', 'dd6d3514-4f70-4b66-9c2a-76785d72066a', NULL);
INSERT INTO public.templates (content, created_at, deleted_at, id, name, team_id, updated_at) VALUES ('{"id": "1724491788499382", "name": "__default_wa_text_template", "status": "APPROVED", "category": "MARKETING", "language": "en", "components": [{"text": "{{1}}\n\n```Reply *STOP* to unsubscribe```", "type": "BODY", "example": {"body_text": [["Hello this is a customizable text message _*Replace This*_"]]}}], "sub_category": "CUSTOM", "parameter_format": "POSITIONAL"}', '2025-06-26 08:53:10.929107', NULL, '1724491788499382', '__default_wa_text_template', 'dd6d3514-4f70-4b66-9c2a-76785d72066a', NULL);
INSERT INTO public.templates (content, created_at, deleted_at, id, name, team_id, updated_at) VALUES ('{"id": "474941935682147", "name": "test_location_template", "status": "APPROVED", "category": "MARKETING", "language": "en", "components": [{"type": "HEADER", "format": "LOCATION"}, {"text": "Hello", "type": "BODY"}, {"text": "this is a test template for webhook", "type": "FOOTER"}], "sub_category": "CUSTOM", "parameter_format": "POSITIONAL"}', '2025-06-26 08:53:10.929107', NULL, '474941935682147', 'test_location_template', 'dd6d3514-4f70-4b66-9c2a-76785d72066a', NULL);
INSERT INTO public.templates (content, created_at, deleted_at, id, name, team_id, updated_at) VALUES ('{"id": "676684824968465", "name": "test_document_template", "status": "APPROVED", "category": "MARKETING", "language": "en", "components": [{"type": "HEADER", "format": "DOCUMENT", "example": {"header_handle": ["https://scontent.whatsapp.net/v/t61.29466-34/491843508_676684828301798_7987360884387327976_n.pdf?ccb=1-7&_nc_sid=8b1bef&_nc_ohc=Bz3Y-eBRwy0Q7kNvwFRLgdu&_nc_oc=Adkz2gNN26cMfmDpyHvdmot4y8ZoxeNPD1kCbCk9nw-7ShnCHdgSyXdm5zcfbWHaKtn57wegm9cxos05mAL9CTBi&_nc_zt=3&_nc_ht=scontent.whatsapp.net&edm=AH51TzQEAAAA&_nc_gid=MccBT0bd4v8XaVXVpqZ65w&_nc_tpa=Q5bMBQENw1HKbC_twHIURJtITrlQZcSh7ZRS6nNr8p4WnbKCI3E7wGbA6J3eGMQV6V-vNpHzHf9QOJM7&oh=01_Q5Aa3gFZZxmmHmEkSZRV6UTRpuGRd1FhniaWILFExJoqSSgcVA&oe=698CCB77"]}}, {"text": "Hello", "type": "BODY"}, {"text": "this is a test template for webhook", "type": "FOOTER"}], "sub_category": "CUSTOM", "parameter_format": "POSITIONAL"}', '2025-06-26 08:53:10.929107', NULL, '676684824968465', 'test_document_template', 'dd6d3514-4f70-4b66-9c2a-76785d72066a', NULL);
INSERT INTO public.templates (content, created_at, deleted_at, id, name, team_id, updated_at) VALUES ('{"id": "1227990825384283", "name": "test_video_template", "status": "APPROVED", "category": "MARKETING", "language": "en", "components": [{"type": "HEADER", "format": "VIDEO", "example": {"header_handle": ["https://scontent.whatsapp.net/v/t61.29466-34/491838419_1227990828717616_7560933313564810128_n.mp4?ccb=1-7&_nc_sid=8b1bef&_nc_ohc=DutvRtJO95YQ7kNvwGuhxFt&_nc_oc=Adl88EQwqolMR5EWsMt7vopssXoGbCl65odjb54xzdWpMnKsMYBzbVqHZPujYvIMDUxiqw8bW5HRZyea0QL2t2dL&_nc_zt=28&_nc_ht=scontent.whatsapp.net&edm=AH51TzQEAAAA&_nc_gid=MccBT0bd4v8XaVXVpqZ65w&_nc_tpa=Q5bMBQHL8Jxszi7pF-U9XSogoM7mxxZmRyqvKarZw8Vnh09OSIq1cgl9n_D4wuqDZo6hb0eObaque4wS&oh=01_Q5Aa3gEHg_oTR0-ygth-T0Wt6i8qEwxQGtSBQpH_clyQ3GEO8A&oe=698CCEF5"]}}, {"text": "Hello", "type": "BODY"}, {"text": "this is a test template for webhook", "type": "FOOTER"}], "sub_category": "CUSTOM", "parameter_format": "POSITIONAL"}', '2025-06-26 08:53:10.929107', NULL, '1227990825384283', 'test_video_template', 'dd6d3514-4f70-4b66-9c2a-76785d72066a', NULL);
INSERT INTO public.templates (content, created_at, deleted_at, id, name, team_id, updated_at) VALUES ('{"id": "493480673756270", "name": "test_image_template", "status": "APPROVED", "category": "MARKETING", "language": "en", "components": [{"type": "HEADER", "format": "IMAGE", "example": {"header_handle": ["https://scontent.whatsapp.net/v/t61.29466-34/491866719_493480677089603_2788454423942373823_n.png?ccb=1-7&_nc_sid=8b1bef&_nc_ohc=tdCrWPzfBPwQ7kNvwHyGDMc&_nc_oc=AdnOBEsqYZMrw3H_VPJg7RKbIYdvOAv9S0C8_JAGgRjE1-RdvwqwuK2FSqeuVDgzuLXBP66HONkwksZb7O-EFSV4&_nc_zt=3&_nc_ht=scontent.whatsapp.net&edm=AH51TzQEAAAA&_nc_gid=MccBT0bd4v8XaVXVpqZ65w&_nc_tpa=Q5bMBQGxTh_LYtXXttq54IOy_LpHbJc-mOOLr_fMO2QPnKmvtlhI8qPmZOUXomw1s14ava-bnFHjYdIr&oh=01_Q5Aa3gHEPsmUrd66SmiL-CQuRTarmWO-Vl0uisIqfBGrsfVQ0Q&oe=698C99A8"]}}, {"text": "Hello Everybody", "type": "BODY"}, {"text": "this is a test template for webhook", "type": "FOOTER"}, {"type": "BUTTONS", "buttons": [{"text": "Quick Reply", "type": "QUICK_REPLY"}, {"url": "https://ingeniousuae.com/", "text": "Visit website", "type": "URL"}]}], "parameter_format": "POSITIONAL"}', '2025-06-26 08:53:10.929107', NULL, '493480673756270', 'test_image_template', 'dd6d3514-4f70-4b66-9c2a-76785d72066a', NULL);
INSERT INTO public.templates (content, created_at, deleted_at, id, name, team_id, updated_at) VALUES ('{"id": "656633810489827", "name": "meta_verification_demo", "status": "APPROVED", "category": "MARKETING", "language": "en", "components": [{"text": "Meta Demo Verification [Test]", "type": "HEADER", "format": "TEXT"}, {"text": "Hello, this is a sample creation of meta business whatsapp message template", "type": "BODY"}, {"text": "If you want to stop receiving this message send STOP", "type": "FOOTER"}], "sub_category": "CUSTOM", "parameter_format": "POSITIONAL"}', '2025-06-26 08:53:10.929107', NULL, '656633810489827', 'meta_verification_demo', 'dd6d3514-4f70-4b66-9c2a-76785d72066a', NULL);
INSERT INTO public.templates (content, created_at, deleted_at, id, name, team_id, updated_at) VALUES ('{"id": "1230279955391836", "name": "hello_ryan", "status": "APPROVED", "category": "MARKETING", "language": "en", "components": [{"text": "Hi {{name}}", "type": "HEADER", "format": "TEXT", "example": {"header_text_named_params": [{"example": "Test Update", "param_name": "name"}]}}, {"text": "This is a test message for named variable", "type": "BODY"}, {"text": "This is a test message", "type": "FOOTER"}, {"type": "BUTTONS", "buttons": [{"text": "Quick Reply", "type": "QUICK_REPLY"}]}], "parameter_format": "NAMED"}', '2025-06-26 08:53:10.929107', NULL, '1230279955391836', 'hello_ryan', 'dd6d3514-4f70-4b66-9c2a-76785d72066a', NULL);
INSERT INTO public.templates (content, created_at, deleted_at, id, name, team_id, updated_at) VALUES ('{"id": "1038390191549912", "name": "webhook_template", "status": "APPROVED", "category": "MARKETING", "language": "en", "components": [{"text": "Hello", "type": "BODY"}], "sub_category": "CUSTOM", "parameter_format": "POSITIONAL"}', '2025-06-26 08:53:10.929107', NULL, '1038390191549912', 'webhook_template', 'dd6d3514-4f70-4b66-9c2a-76785d72066a', NULL);
INSERT INTO public.templates (content, created_at, deleted_at, id, name, team_id, updated_at) VALUES ('{"id": "9414338475280486", "name": "ingenious_digital_marketing", "status": "APPROVED", "category": "MARKETING", "language": "en", "components": [{"text": "Hi there!", "type": "HEADER", "format": "TEXT"}, {"text": "Welcome to Ingenious Digital Marketing Management — your trusted partner for Digital Marketing, SEO, Social Media Management, and Branding & Design.\n\nWe’re excited to help your business grow! 🚀\nPlease choose a service to get started 👇", "type": "BODY"}, {"type": "BUTTONS", "buttons": [{"text": "View Services", "type": "FLOW", "flow_id": 566734995823442, "flow_action": "NAVIGATE", "navigate_screen": "WELCOME"}]}], "sub_category": "FORM", "parameter_format": "POSITIONAL"}', '2025-06-26 08:53:10.929107', NULL, '9414338475280486', 'ingenious_digital_marketing', 'dd6d3514-4f70-4b66-9c2a-76785d72066a', NULL);
INSERT INTO public.templates (content, created_at, deleted_at, id, name, team_id, updated_at) VALUES ('{"id": "1779250052931824", "name": "ingenious", "status": "REJECTED", "category": "MARKETING", "language": "en", "components": [{"text": "Hello {{name}}!", "type": "BODY", "example": {"body_text_named_params": [{"example": "world", "param_name": "name"}]}}, {"type": "BUTTONS", "buttons": [{"text": "View Flow", "type": "FLOW", "flow_id": "24028651800055923", "flow_action": "NAVIGATE", "navigate_screen": "APPLICANTS"}]}], "parameter_format": "NAMED"}', '2025-06-26 08:53:10.929107', NULL, '1779250052931824', 'ingenious', 'dd6d3514-4f70-4b66-9c2a-76785d72066a', NULL);
INSERT INTO public.templates (content, created_at, deleted_at, id, name, team_id, updated_at) VALUES ('{"id": "1320424516341036", "name": "ingenious_app_flow", "status": "REJECTED", "category": "MARKETING", "language": "en", "components": [{"text": "Hello  {{name}}!", "type": "BODY", "example": {"body_text_named_params": [{"example": "World", "param_name": "name"}]}}, {"type": "BUTTONS", "buttons": [{"text": "View Flow", "type": "FLOW", "flow_id": 1509628123775064, "flow_action": "NAVIGATE", "navigate_screen": "WELCOME_SCREEN"}]}], "parameter_format": "NAMED"}', '2025-06-26 08:53:10.929107', NULL, '1320424516341036', 'ingenious_app_flow', 'dd6d3514-4f70-4b66-9c2a-76785d72066a', NULL);
INSERT INTO public.templates (content, created_at, deleted_at, id, name, team_id, updated_at) VALUES ('{"id": "2162784367515302", "name": "hello_world", "status": "APPROVED", "category": "UTILITY", "language": "en_US", "components": [{"text": "Hello {{name}}", "type": "HEADER", "format": "TEXT", "example": {"header_text_named_params": [{"example": "World", "param_name": "name"}]}}, {"text": "Welcome and congratulations!! This message demonstrates your ability to send a WhatsApp message notification from the Cloud API, hosted by Meta. Thank you for taking the time to test with us.", "type": "BODY"}, {"text": "WhatsApp Business Platform sample message", "type": "FOOTER"}], "parameter_format": "NAMED"}', '2025-06-26 08:53:10.929107', NULL, '2162784367515302', 'hello_world', 'dd6d3514-4f70-4b66-9c2a-76785d72066a', NULL);
INSERT INTO public.templates (content, created_at, deleted_at, id, name, team_id, updated_at) VALUES ('{"id": "1455710085361578", "name": "shann_tem", "status": "APPROVED", "category": "MARKETING", "language": "en", "components": [{"text": "Hello Testing", "type": "BODY"}], "parameter_format": "POSITIONAL"}', '2025-08-06 11:15:17.895563', '2026-01-12 18:54:27.648', '1455710085361578', 'shann_tem', 'dd6d3514-4f70-4b66-9c2a-76785d72066a', NULL);
INSERT INTO public.templates (content, created_at, deleted_at, id, name, team_id, updated_at) VALUES ('{"id": "template_ec146010-efe7-483b-9137-044f327953e5", "meta": {"id": "1455710085361578", "status": "PENDING", "createdAt": "2025-07-30T10:16:52.101Z", "submittedAt": "2025-07-30T10:17:11.535Z"}, "name": "shann_tem", "status": "PENDING", "category": "MARKETING", "language": "en", "components": [{"text": "Hello Testing", "type": "BODY"}], "parameter_format": "POSITIONAL"}', '2025-07-30 10:16:49.26675', '2026-01-12 18:54:27.648', 'template_ec146010-efe7-483b-9137-044f327953e5', 'shann_tem', 'dd6d3514-4f70-4b66-9c2a-76785d72066a', '2025-07-30 10:17:11.953');
INSERT INTO public.templates (content, created_at, deleted_at, id, name, team_id, updated_at) VALUES ('{"id": "template_1412ef54-b898-454b-a5c4-2dbb4d5833f0", "meta": {"id": "1243770150825648", "status": "PENDING", "createdAt": "2025-07-30T10:49:17.797Z", "submittedAt": "2025-07-30T10:49:35.334Z"}, "name": "shann_test", "status": "PENDING", "category": "MARKETING", "language": "en", "components": [{"text": "Tests", "type": "BODY"}], "parameter_format": "POSITIONAL"}', '2025-07-30 10:49:14.760602', '2026-01-12 18:54:27.648', 'template_1412ef54-b898-454b-a5c4-2dbb4d5833f0', 'shann_test', 'dd6d3514-4f70-4b66-9c2a-76785d72066a', '2025-07-30 10:49:35.76');
INSERT INTO public.templates (content, created_at, deleted_at, id, name, team_id, updated_at) VALUES ('{"id": "789356550423216", "name": "img_test", "status": "APPROVED", "category": "MARKETING", "language": "en", "components": [{"type": "HEADER", "format": "IMAGE", "example": {"header_handle": ["https://scontent.whatsapp.net/v/t61.29466-34/518638664_789356553756549_1433007878263859315_n.png?ccb=1-7&_nc_sid=8b1bef&_nc_ohc=EnyHyhiOhGQQ7kNvwH0YrYy&_nc_oc=AdluMC6ywNLi9DelUo3Ca6Jn9MAqJZAqd7OcsyxhkbyxbisSl8CbMFWVAyk3tZiLLLw&_nc_zt=3&_nc_ht=scontent.whatsapp.net&edm=AH51TzQEAAAA&_nc_gid=iSDiPDW7Ngz5HqlhebywWA&oh=01_Q5Aa2AGR75Q2htsicDU0OxPR5ggeouELssU5bglt0-2vIS4b9g&oe=68BAA299"]}}, {"text": "hello hi", "type": "BODY"}, {"type": "BUTTONS", "buttons": [{"text": "Quick Reply", "type": "QUICK_REPLY"}]}], "sub_category": "CUSTOM", "parameter_format": "POSITIONAL"}', '2025-08-06 11:15:17.895563', '2026-01-12 18:54:27.648', '789356550423216', 'img_test', 'dd6d3514-4f70-4b66-9c2a-76785d72066a', '2025-08-25 10:28:07.776');
INSERT INTO public.templates (content, created_at, deleted_at, id, name, team_id, updated_at) VALUES ('{"id": "template_189c30df-480c-48a0-9c9b-8da29d062d0e", "meta": {"id": "608881108929658", "status": "PENDING", "createdAt": "2025-07-31T08:02:49.535Z", "submittedAt": "2025-07-31T08:02:55.958Z"}, "name": "ingenious_test", "status": "PENDING", "category": "MARKETING", "language": "en", "components": [{"text": "Testing mock", "type": "BODY"}], "parameter_format": "POSITIONAL"}', '2025-07-31 08:02:47.441521', '2026-01-12 18:54:27.648', 'template_189c30df-480c-48a0-9c9b-8da29d062d0e', 'ingenious_test', 'dd6d3514-4f70-4b66-9c2a-76785d72066a', '2025-07-31 08:02:56.392');
INSERT INTO public.templates (content, created_at, deleted_at, id, name, team_id, updated_at) VALUES ('{"id": "template_2dea052b-3db7-4bbc-96db-d931572d2842", "meta": {"id": "1938783220204977", "status": "PENDING", "createdAt": "2025-07-29T10:58:20.917Z", "submittedAt": "2025-07-29T10:58:30.037Z"}, "name": "john_doe", "status": "PENDING", "category": "MARKETING", "language": "en", "components": [{"text": "Hello", "type": "BODY"}], "parameter_format": "POSITIONAL"}', '2025-07-29 10:58:18.007115', '2026-01-12 18:54:27.648', 'template_2dea052b-3db7-4bbc-96db-d931572d2842', 'john_doe', 'dd6d3514-4f70-4b66-9c2a-76785d72066a', '2025-07-29 10:58:30.454');
INSERT INTO public.templates (content, created_at, deleted_at, id, name, team_id, updated_at) VALUES ('{"id": "767668035848242", "name": "client_template_2_aug_04", "status": "APPROVED", "category": "MARKETING", "language": "en", "components": [{"text": "Template message", "type": "BODY"}], "parameter_format": "POSITIONAL"}', '2025-08-06 11:15:17.895563', '2026-01-12 18:54:27.648', '767668035848242', 'client_template_2_aug_04', 'dd6d3514-4f70-4b66-9c2a-76785d72066a', NULL);
INSERT INTO public.templates (content, created_at, deleted_at, id, name, team_id, updated_at) VALUES ('{"id": "1764870118244660", "name": "test_template_july", "status": "APPROVED", "category": "MARKETING", "language": "en", "components": [{"text": "Message from Shan", "type": "HEADER", "format": "TEXT"}, {"text": "Hello How are you", "type": "BODY"}, {"text": "End", "type": "FOOTER"}, {"type": "BUTTONS", "buttons": [{"text": "Phone Number", "type": "PHONE_NUMBER", "phone_number": "+971555159405"}]}], "parameter_format": "POSITIONAL"}', '2025-08-06 11:15:17.895563', '2026-01-12 18:54:27.648', '1764870118244660', 'test_template_july', 'dd6d3514-4f70-4b66-9c2a-76785d72066a', NULL);
INSERT INTO public.templates (content, created_at, deleted_at, id, name, team_id, updated_at) VALUES ('{"id": "3716826498609879", "name": "this_is_a_test_creation_template", "status": "APPROVED", "category": "MARKETING", "language": "en", "components": [{"text": "test this created template on api", "type": "BODY"}], "parameter_format": "POSITIONAL"}', '2025-08-06 11:15:17.895563', '2026-01-12 18:54:27.648', '3716826498609879', 'this_is_a_test_creation_template', 'dd6d3514-4f70-4b66-9c2a-76785d72066a', NULL);
INSERT INTO public.templates (content, created_at, deleted_at, id, name, team_id, updated_at) VALUES ('{"id": "1243770150825648", "name": "shann_test", "status": "APPROVED", "category": "MARKETING", "language": "en", "components": [{"text": "Tests", "type": "BODY"}], "parameter_format": "POSITIONAL"}', '2025-08-06 11:15:17.895563', '2026-01-12 18:54:27.648', '1243770150825648', 'shann_test', 'dd6d3514-4f70-4b66-9c2a-76785d72066a', NULL);
INSERT INTO public.templates (content, created_at, deleted_at, id, name, team_id, updated_at) VALUES ('{"id": "template_fb07a4b3-cb1e-4cde-9c0b-1763356aaaf6", "meta": {"id": "1764870118244660", "status": "PENDING", "createdAt": "2025-07-31T10:57:21.892Z", "submittedAt": "2025-07-31T10:57:31.173Z"}, "name": "test_template_july", "status": "PENDING", "category": "MARKETING", "language": "en", "components": [{"text": "Message from Shan", "type": "HEADER", "format": "TEXT"}, {"text": "Hello How are you", "type": "BODY", "example": {"body_text": []}}, {"text": "End", "type": "FOOTER"}, {"type": "BUTTONS", "buttons": [{"text": "Phone Number", "type": "PHONE_NUMBER", "phone_number": "+971555159405"}]}], "parameter_format": "POSITIONAL"}', '2025-07-31 10:57:19.557058', '2026-01-12 18:54:27.648', 'template_fb07a4b3-cb1e-4cde-9c0b-1763356aaaf6', 'test_template_july', 'dd6d3514-4f70-4b66-9c2a-76785d72066a', '2025-07-31 10:57:31.592');


--
-- Data for Name: marketing_campaigns; Type: TABLE DATA; Schema: public; Owner: postgres
--

INSERT INTO public.marketing_campaigns (id, name, created_at, deleted_at, updated_at, analytics, completed_at, created_by, description, enable_tracking, message_template, payload, phone_number, processed_at, recipients, schedule_at, status, tags, team_id, template_id, total_recipients) VALUES ('3b195b50-f969-4a1e-8c79-834e164b3d89', 'Test Campaign', '2025-07-02 09:20:24.242047', NULL, NULL, NULL, NULL, NULL, NULL, false, '{"name": "hello_ryan", "language": {"code": "en", "policy": "deterministic"}, "components": [{"type": "HEADER", "parameters": [{"text": "Ryan", "type": "TEXT", "parameter_name": "name"}]}]}', NULL, '647580185100069', NULL, '[]', NULL, 'success', '["test"]', 'dd6d3514-4f70-4b66-9c2a-76785d72066a', '1230279955391836', 1);
INSERT INTO public.marketing_campaigns (id, name, created_at, deleted_at, updated_at, analytics, completed_at, created_by, description, enable_tracking, message_template, payload, phone_number, processed_at, recipients, schedule_at, status, tags, team_id, template_id, total_recipients) VALUES ('7a49016d-528f-4e18-89fa-6bc53e7a9cdc', 'Hello', '2025-07-24 11:48:18.322366', NULL, NULL, NULL, NULL, NULL, NULL, false, '{"name": "hello_ryan", "language": {"code": "en", "policy": "deterministic"}, "components": [{"type": "HEADER", "parameters": [{"text": "Shan", "type": "TEXT", "parameter_name": "name"}]}]}', NULL, '647580185100069', NULL, '["+971555159405"]', NULL, 'success', '[]', 'dd6d3514-4f70-4b66-9c2a-76785d72066a', '1230279955391836', 1);
INSERT INTO public.marketing_campaigns (id, name, created_at, deleted_at, updated_at, analytics, completed_at, created_by, description, enable_tracking, message_template, payload, phone_number, processed_at, recipients, schedule_at, status, tags, team_id, template_id, total_recipients) VALUES ('2269b987-00db-4784-a750-aaaba36cbdd4', 'Test Demo', '2025-07-08 08:23:14.28826', NULL, NULL, NULL, NULL, NULL, NULL, false, '{"name": "test_image_template", "language": {"code": "en", "policy": "deterministic"}, "components": [{"type": "HEADER", "parameters": [{"type": "IMAGE", "image": {"id": "1009871761024462"}}]}]}', NULL, '647580185100069', NULL, '[]', NULL, 'success', '["test"]', 'dd6d3514-4f70-4b66-9c2a-76785d72066a', '493480673756270', 1);
INSERT INTO public.marketing_campaigns (id, name, created_at, deleted_at, updated_at, analytics, completed_at, created_by, description, enable_tracking, message_template, payload, phone_number, processed_at, recipients, schedule_at, status, tags, team_id, template_id, total_recipients) VALUES ('5cdaca70-f514-4332-b18c-ab20f05da763', 'Testing Admin 2', '2025-07-25 07:05:41.115347', NULL, NULL, NULL, NULL, NULL, NULL, false, '{"name": "hello_ryan", "language": {"code": "en", "policy": "deterministic"}, "components": [{"type": "HEADER", "parameters": [{"text": "Ryan", "type": "TEXT", "parameter_name": "name"}]}]}', NULL, '647580185100069', NULL, '[]', NULL, 'success', '["test"]', 'dd6d3514-4f70-4b66-9c2a-76785d72066a', '1230279955391836', 1);
INSERT INTO public.marketing_campaigns (id, name, created_at, deleted_at, updated_at, analytics, completed_at, created_by, description, enable_tracking, message_template, payload, phone_number, processed_at, recipients, schedule_at, status, tags, team_id, template_id, total_recipients) VALUES ('d5ce4bd6-f3c2-44e0-aa33-3bf42face53a', 'Campaign', '2025-07-08 08:42:50.343067', NULL, NULL, NULL, NULL, NULL, NULL, false, '{"name": "hello_ryan", "language": {"code": "en", "policy": "deterministic"}, "components": [{"type": "HEADER", "parameters": [{"text": "Ryan", "type": "TEXT", "parameter_name": "name"}]}]}', NULL, '647580185100069', NULL, '[]', NULL, 'success', '["test"]', 'dd6d3514-4f70-4b66-9c2a-76785d72066a', '1230279955391836', 1);
INSERT INTO public.marketing_campaigns (id, name, created_at, deleted_at, updated_at, analytics, completed_at, created_by, description, enable_tracking, message_template, payload, phone_number, processed_at, recipients, schedule_at, status, tags, team_id, template_id, total_recipients) VALUES ('20c37ae2-5143-43ba-91d7-5e90d1ce1800', 'Hello', '2025-07-24 11:48:16.798773', NULL, NULL, NULL, NULL, NULL, NULL, false, '{"name": "hello_ryan", "language": {"code": "en", "policy": "deterministic"}, "components": [{"type": "HEADER", "parameters": [{"text": "Shan", "type": "TEXT", "parameter_name": "name"}]}]}', NULL, '647580185100069', NULL, '["+971555159405"]', NULL, 'draft', '[]', 'dd6d3514-4f70-4b66-9c2a-76785d72066a', '1230279955391836', NULL);
INSERT INTO public.marketing_campaigns (id, name, created_at, deleted_at, updated_at, analytics, completed_at, created_by, description, enable_tracking, message_template, payload, phone_number, processed_at, recipients, schedule_at, status, tags, team_id, template_id, total_recipients) VALUES ('f42a8b83-eeab-4ff1-9419-5326c3ed8b75', 'Hello2', '2025-07-25 05:52:44.902659', NULL, NULL, NULL, NULL, NULL, NULL, false, '{"name": "hello_ryan", "language": {"code": "en", "policy": "deterministic"}, "components": [{"type": "HEADER", "parameters": [{"text": "Ryan", "type": "TEXT", "parameter_name": "name"}]}]}', NULL, '647580185100069', NULL, '[]', NULL, 'success', '["test"]', 'dd6d3514-4f70-4b66-9c2a-76785d72066a', '1230279955391836', 1);
INSERT INTO public.marketing_campaigns (id, name, created_at, deleted_at, updated_at, analytics, completed_at, created_by, description, enable_tracking, message_template, payload, phone_number, processed_at, recipients, schedule_at, status, tags, team_id, template_id, total_recipients) VALUES ('3bcc4984-01b0-4d0e-97a3-c6c8aeb63d7d', 'Test', '2025-07-24 11:54:24.254963', NULL, NULL, NULL, NULL, NULL, NULL, false, '{"name": "hello_ryan", "language": {"code": "en", "policy": "deterministic"}, "components": [{"type": "HEADER", "parameters": [{"text": "Ryan", "type": "TEXT", "parameter_name": "name"}]}]}', NULL, '647580185100069', NULL, '["+971555159405"]', NULL, 'success', '[]', 'dd6d3514-4f70-4b66-9c2a-76785d72066a', '1230279955391836', 1);
INSERT INTO public.marketing_campaigns (id, name, created_at, deleted_at, updated_at, analytics, completed_at, created_by, description, enable_tracking, message_template, payload, phone_number, processed_at, recipients, schedule_at, status, tags, team_id, template_id, total_recipients) VALUES ('109c5648-b782-4258-b473-29ad4ee3e3ac', 'Hello', '2025-07-24 11:58:43.843784', NULL, NULL, NULL, NULL, NULL, NULL, false, '{"name": "hello_ryan", "language": {"code": "en", "policy": "deterministic"}, "components": [{"type": "HEADER", "parameters": [{"text": "Ryan", "type": "TEXT", "parameter_name": "name"}]}]}', NULL, '647580185100069', NULL, '[]', NULL, 'success', '["test"]', 'dd6d3514-4f70-4b66-9c2a-76785d72066a', '1230279955391836', 1);
INSERT INTO public.marketing_campaigns (id, name, created_at, deleted_at, updated_at, analytics, completed_at, created_by, description, enable_tracking, message_template, payload, phone_number, processed_at, recipients, schedule_at, status, tags, team_id, template_id, total_recipients) VALUES ('d87d07ae-996a-4440-805d-abdfb900c1a2', 'Testing Admin 1', '2025-07-25 07:00:51.023006', NULL, NULL, NULL, NULL, NULL, NULL, false, '{"name": "hello_ryan", "language": {"code": "en", "policy": "deterministic"}, "components": [{"type": "HEADER", "parameters": [{"text": "Ryan", "type": "TEXT", "parameter_name": "name"}]}]}', NULL, '647580185100069', NULL, '["+97155515405"]', NULL, 'success', '[]', 'dd6d3514-4f70-4b66-9c2a-76785d72066a', '1230279955391836', 1);
INSERT INTO public.marketing_campaigns (id, name, created_at, deleted_at, updated_at, analytics, completed_at, created_by, description, enable_tracking, message_template, payload, phone_number, processed_at, recipients, schedule_at, status, tags, team_id, template_id, total_recipients) VALUES ('086a37ce-8dd0-44c0-b34f-ca501bafd06a', 'Hello', '2025-07-25 05:51:08.13335', NULL, NULL, NULL, NULL, NULL, NULL, false, '{"name": "hello_ryan", "language": {"code": "en", "policy": "deterministic"}, "components": [{"type": "HEADER", "parameters": [{"text": "Ryan", "type": "TEXT", "parameter_name": "name"}]}]}', NULL, '647580185100069', NULL, '[]', NULL, 'success', '["test"]', 'dd6d3514-4f70-4b66-9c2a-76785d72066a', '1230279955391836', 1);
INSERT INTO public.marketing_campaigns (id, name, created_at, deleted_at, updated_at, analytics, completed_at, created_by, description, enable_tracking, message_template, payload, phone_number, processed_at, recipients, schedule_at, status, tags, team_id, template_id, total_recipients) VALUES ('0f89ea42-e9e7-4d26-8b0d-be0e5708cb47', 'Testing Admin 3', '2025-07-25 07:08:58.8438', NULL, NULL, NULL, NULL, NULL, NULL, false, '{"name": "hello_ryan", "language": {"code": "en", "policy": "deterministic"}, "components": [{"type": "HEADER", "parameters": [{"text": "Ryan", "type": "TEXT", "parameter_name": "name"}]}]}', NULL, '647580185100069', NULL, '[]', NULL, 'success', '["test"]', 'dd6d3514-4f70-4b66-9c2a-76785d72066a', '1230279955391836', 2);
INSERT INTO public.marketing_campaigns (id, name, created_at, deleted_at, updated_at, analytics, completed_at, created_by, description, enable_tracking, message_template, payload, phone_number, processed_at, recipients, schedule_at, status, tags, team_id, template_id, total_recipients) VALUES ('8905e877-eb18-4042-8884-b7c15b9d80e3', 'Camp Aug 11', '2025-08-11 08:09:58.247189', NULL, NULL, NULL, NULL, NULL, NULL, false, '{"name": "test_imgg", "language": {"code": "en", "policy": "deterministic"}, "components": [{"type": "HEADER", "parameters": [{"type": "IMAGE", "image": {"id": "1972683443505929"}}]}]}', NULL, '647580185100069', NULL, '[]', NULL, 'success', '["test"]', 'dd6d3514-4f70-4b66-9c2a-76785d72066a', '1692179734795083', 2);
INSERT INTO public.marketing_campaigns (id, name, created_at, deleted_at, updated_at, analytics, completed_at, created_by, description, enable_tracking, message_template, payload, phone_number, processed_at, recipients, schedule_at, status, tags, team_id, template_id, total_recipients) VALUES ('1d80d5dc-2a1f-4b77-af7d-366a01e2b3a8', 'Clone', '2025-07-25 09:53:12.144745', NULL, NULL, NULL, NULL, NULL, NULL, false, '{"name": "hello_ryan", "language": {"code": "en", "policy": "deterministic"}, "components": [{"type": "HEADER", "parameters": [{"text": "Ryan", "type": "TEXT", "parameter_name": "name"}]}]}', NULL, '647580185100069', NULL, '[]', NULL, 'success', '["test"]', 'dd6d3514-4f70-4b66-9c2a-76785d72066a', '1230279955391836', NULL);
INSERT INTO public.marketing_campaigns (id, name, created_at, deleted_at, updated_at, analytics, completed_at, created_by, description, enable_tracking, message_template, payload, phone_number, processed_at, recipients, schedule_at, status, tags, team_id, template_id, total_recipients) VALUES ('bc2a8ae0-70d0-43c0-9fa4-63afdecab0b0', 'Clone 2', '2025-07-25 09:56:05.990792', NULL, NULL, NULL, NULL, NULL, NULL, false, '{"name": "hello_ryan", "language": {"code": "en", "policy": "deterministic"}, "components": [{"type": "HEADER", "parameters": [{"text": "Ryan", "type": "TEXT", "parameter_name": "name"}]}]}', NULL, '647580185100069', NULL, '[]', NULL, 'draft', '["test"]', 'dd6d3514-4f70-4b66-9c2a-76785d72066a', '1230279955391836', NULL);
INSERT INTO public.marketing_campaigns (id, name, created_at, deleted_at, updated_at, analytics, completed_at, created_by, description, enable_tracking, message_template, payload, phone_number, processed_at, recipients, schedule_at, status, tags, team_id, template_id, total_recipients) VALUES ('a6074340-e0c9-4362-ae25-6ba6fb286236', 'test caMP', '2025-07-31 11:10:51.063027', NULL, NULL, NULL, NULL, NULL, NULL, false, '{"name": "test_template_july", "language": {"code": "en", "policy": "deterministic"}, "components": []}', NULL, '647580185100069', NULL, '[]', NULL, 'draft', '["test"]', 'dd6d3514-4f70-4b66-9c2a-76785d72066a', 'template_2001fb76-e7e9-4a02-87c6-d77806733188', NULL);
INSERT INTO public.marketing_campaigns (id, name, created_at, deleted_at, updated_at, analytics, completed_at, created_by, description, enable_tracking, message_template, payload, phone_number, processed_at, recipients, schedule_at, status, tags, team_id, template_id, total_recipients) VALUES ('8edce09b-06d5-4095-97f9-cb95df206763', 'Hello', '2025-08-14 12:24:13.987828', NULL, NULL, NULL, NULL, NULL, NULL, false, '{"name": "sample_clickable_image", "language": {"code": "en", "policy": "deterministic"}, "components": [{"type": "HEADER", "parameters": [{"type": "IMAGE", "image": {"id": "770091998700067", "caption": "Capio"}}]}]}', NULL, '647580185100069', NULL, '[]', NULL, 'success', '["test"]', 'dd6d3514-4f70-4b66-9c2a-76785d72066a', '1291261479323998', 3);
INSERT INTO public.marketing_campaigns (id, name, created_at, deleted_at, updated_at, analytics, completed_at, created_by, description, enable_tracking, message_template, payload, phone_number, processed_at, recipients, schedule_at, status, tags, team_id, template_id, total_recipients) VALUES ('e09d2884-133d-4d3c-b2a6-56166e15f6a2', 'Demo', '2025-08-19 05:57:05.156577', NULL, NULL, NULL, NULL, NULL, NULL, false, '{"name": "test_url_btn", "language": {"code": "en", "policy": "deterministic"}, "components": []}', NULL, '647580185100069', NULL, '["+971555606707"]', NULL, 'success', '["test"]', 'dd6d3514-4f70-4b66-9c2a-76785d72066a', '1058971783110481', 3);
INSERT INTO public.marketing_campaigns (id, name, created_at, deleted_at, updated_at, analytics, completed_at, created_by, description, enable_tracking, message_template, payload, phone_number, processed_at, recipients, schedule_at, status, tags, team_id, template_id, total_recipients) VALUES ('28217b62-250f-4b43-b82d-5d7dad9a67b6', 'Hello2', '2025-08-18 09:08:27.603323', NULL, NULL, NULL, NULL, NULL, NULL, false, '{"name": "test_url_btn", "language": {"code": "en", "policy": "deterministic"}, "components": []}', NULL, '647580185100069', NULL, '["+971555606707"]', NULL, 'success', '[]', 'dd6d3514-4f70-4b66-9c2a-76785d72066a', '1058971783110481', 1);
INSERT INTO public.marketing_campaigns (id, name, created_at, deleted_at, updated_at, analytics, completed_at, created_by, description, enable_tracking, message_template, payload, phone_number, processed_at, recipients, schedule_at, status, tags, team_id, template_id, total_recipients) VALUES ('1e593c64-e566-4788-b6da-4a8739c64361', 'Hello', '2026-01-12 18:55:40.087173', NULL, NULL, NULL, NULL, NULL, NULL, false, '{"name": "hello_ryan", "language": {"code": "en", "policy": "deterministic"}, "components": [{"type": "HEADER", "parameters": [{"text": "Test Update", "type": "TEXT", "parameter_name": "name"}]}]}', NULL, '647580185100069', NULL, '["+971555606707"]', NULL, 'draft', '[]', 'dd6d3514-4f70-4b66-9c2a-76785d72066a', '1230279955391836', NULL);
INSERT INTO public.marketing_campaigns (id, name, created_at, deleted_at, updated_at, analytics, completed_at, created_by, description, enable_tracking, message_template, payload, phone_number, processed_at, recipients, schedule_at, status, tags, team_id, template_id, total_recipients) VALUES ('0442f13c-a2f4-464e-b372-e6645351f022', 'Hello', '2026-01-12 20:09:01.567626', NULL, NULL, NULL, NULL, NULL, NULL, false, '{"name": "hello_ryan", "language": {"code": "en", "policy": "deterministic"}, "components": [{"type": "HEADER", "parameters": [{"text": "Test Update", "type": "TEXT", "parameter_name": "name"}]}]}', NULL, '647580185100069', NULL, '["+971555606707"]', NULL, 'success', '[]', 'dd6d3514-4f70-4b66-9c2a-76785d72066a', '1230279955391836', 1);
INSERT INTO public.marketing_campaigns (id, name, created_at, deleted_at, updated_at, analytics, completed_at, created_by, description, enable_tracking, message_template, payload, phone_number, processed_at, recipients, schedule_at, status, tags, team_id, template_id, total_recipients) VALUES ('9dc2b112-2f96-46a9-b623-78391f015a93', 'g', '2026-01-12 20:13:55.264592', NULL, NULL, NULL, NULL, NULL, NULL, false, '{"name": "hello_ryan", "language": {"code": "en", "policy": "deterministic"}, "components": [{"type": "HEADER", "parameters": [{"text": "Test Update", "type": "TEXT", "parameter_name": "name"}]}]}', NULL, '647580185100069', NULL, '["+971555606707"]', NULL, 'success', '[]', 'dd6d3514-4f70-4b66-9c2a-76785d72066a', '1230279955391836', 1);
INSERT INTO public.marketing_campaigns (id, name, created_at, deleted_at, updated_at, analytics, completed_at, created_by, description, enable_tracking, message_template, payload, phone_number, processed_at, recipients, schedule_at, status, tags, team_id, template_id, total_recipients) VALUES ('013ae6b5-2863-4fe5-95ff-fd12f45b0381', 'g', '2026-01-12 20:13:55.266795', NULL, NULL, NULL, NULL, NULL, NULL, false, '{"name": "hello_ryan", "language": {"code": "en", "policy": "deterministic"}, "components": [{"type": "HEADER", "parameters": [{"text": "Test Update", "type": "TEXT", "parameter_name": "name"}]}]}', NULL, '647580185100069', NULL, '["+971555606707"]', NULL, 'success', '[]', 'dd6d3514-4f70-4b66-9c2a-76785d72066a', '1230279955391836', 1);


--
-- Data for Name: conversations; Type: TABLE DATA; Schema: public; Owner: postgres
--



--
-- Data for Name: events; Type: TABLE DATA; Schema: public; Owner: postgres
--



--
-- Data for Name: file_attachment; Type: TABLE DATA; Schema: public; Owner: postgres
--



--
-- Data for Name: invitations; Type: TABLE DATA; Schema: public; Owner: postgres
--



--
-- Data for Name: leads; Type: TABLE DATA; Schema: public; Owner: postgres
--



--
-- Data for Name: list_views; Type: TABLE DATA; Schema: public; Owner: postgres
--



--
-- Data for Name: outbox; Type: TABLE DATA; Schema: public; Owner: postgres
--



--
-- Data for Name: tags; Type: TABLE DATA; Schema: public; Owner: postgres
--

INSERT INTO public.tags (id, created_at, deleted_at, name, team_id, updated_at) VALUES ('c2167baa-2e10-4344-8377-21a1be321c29', '2025-06-15 09:21:27.951141', NULL, 'new', 'f89e95e0-e317-4e7b-a319-7b4755c6bb75', NULL);
INSERT INTO public.tags (id, created_at, deleted_at, name, team_id, updated_at) VALUES ('89357a58-7179-4fab-a057-e8c70dfaa0cf', '2025-06-15 09:21:27.951141', NULL, 'vip', 'f89e95e0-e317-4e7b-a319-7b4755c6bb75', NULL);
INSERT INTO public.tags (id, created_at, deleted_at, name, team_id, updated_at) VALUES ('5e5c2625-b43f-40cb-b830-b51a5e422f9c', '2025-06-15 09:21:27.951141', NULL, 'prospect', 'f89e95e0-e317-4e7b-a319-7b4755c6bb75', NULL);
INSERT INTO public.tags (id, created_at, deleted_at, name, team_id, updated_at) VALUES ('44c83946-1437-4811-bb9e-371ac0a8fd43', '2025-06-15 09:21:27.951141', NULL, 'newsletter', 'f89e95e0-e317-4e7b-a319-7b4755c6bb75', NULL);
INSERT INTO public.tags (id, created_at, deleted_at, name, team_id, updated_at) VALUES ('59c6054f-8590-4bcb-bf99-385ac5ea522d', '2025-06-15 09:21:27.951141', NULL, 'follow-up', 'f89e95e0-e317-4e7b-a319-7b4755c6bb75', NULL);
INSERT INTO public.tags (id, created_at, deleted_at, name, team_id, updated_at) VALUES ('e5d50a98-9ebd-4b32-ae84-75139c62d268', '2025-06-15 09:21:27.951141', NULL, 'important', 'f89e95e0-e317-4e7b-a319-7b4755c6bb75', NULL);
INSERT INTO public.tags (id, created_at, deleted_at, name, team_id, updated_at) VALUES ('5de84a64-29dd-4075-9eca-97d0e1067cd6', '2025-06-15 19:23:45.393833', NULL, 'Test', 'f89e95e0-e317-4e7b-a319-7b4755c6bb75', NULL);
INSERT INTO public.tags (id, created_at, deleted_at, name, team_id, updated_at) VALUES ('3dc263a2-b328-41a4-8179-44adce2220e0', '2025-06-26 08:29:53.547045', NULL, 'Test', 'dd6d3514-4f70-4b66-9c2a-76785d72066a', NULL);
INSERT INTO public.tags (id, created_at, deleted_at, name, team_id, updated_at) VALUES ('ebcc923f-b667-48e0-a648-006142f8cf0d', '2025-07-25 07:29:31.418901', NULL, 'Dev Testing', 'dd6d3514-4f70-4b66-9c2a-76785d72066a', NULL);


--
-- Data for Name: team_invitations; Type: TABLE DATA; Schema: public; Owner: postgres
--



--
-- Data for Name: team_member_limits; Type: TABLE DATA; Schema: public; Owner: postgres
--

INSERT INTO public.team_member_limits (id, "limitType", max_limit, max_limit_type, team_id, user_id, created_at, deleted_at, updated_at) VALUES ('3e1407f5-a2c6-40e2-8784-5f69a61b9a98', 'inherited', 10000, 'recurring', 'dd6d3514-4f70-4b66-9c2a-76785d72066a', '44b57acf-bc18-4dcd-a1dc-e73a2dbefca9', '2026-01-12 19:24:30.22699', NULL, '2026-01-12 19:24:30.22699');


--
-- Data for Name: team_members; Type: TABLE DATA; Schema: public; Owner: postgres
--

INSERT INTO public.team_members (id, created_at, deleted_at, updated_at, joined_at, organization_id, role, user_id, whatsapp_limit) VALUES ('d371fa3c-2d95-4b48-ad37-608099e6a64d', '2025-07-31 06:12:24.651883', NULL, NULL, '2025-06-15 09:21:27.94242', 'f89e95e0-e317-4e7b-a319-7b4755c6bb75', 'owner', 'f9de8a5a-8933-42f9-9561-020d9346a3c4', 1000);
INSERT INTO public.team_members (id, created_at, deleted_at, updated_at, joined_at, organization_id, role, user_id, whatsapp_limit) VALUES ('1f5d546a-9160-4720-8aab-4716c55b40e2', '2025-07-31 06:12:24.651883', NULL, NULL, '2025-06-15 19:26:20.256969', '09478757-a229-4209-91a7-4d7a8c3202f1', 'owner', '5af83d73-67b2-45c9-9c8b-41c20f282c4c', 1000);
INSERT INTO public.team_members (id, created_at, deleted_at, updated_at, joined_at, organization_id, role, user_id, whatsapp_limit) VALUES ('3dbb0991-f21e-4f90-81aa-163e077f9cff', '2025-07-31 06:12:24.651883', NULL, NULL, '2025-06-18 12:16:12.996191', 'dd6d3514-4f70-4b66-9c2a-76785d72066a', 'owner', '44b57acf-bc18-4dcd-a1dc-e73a2dbefca9', 1000);
INSERT INTO public.team_members (id, created_at, deleted_at, updated_at, joined_at, organization_id, role, user_id, whatsapp_limit) VALUES ('b502bb83-c01b-404f-a641-857828bcb89a', '2025-07-31 06:12:24.651883', NULL, NULL, '2025-06-26 07:20:03.46795', 'b4a4d8ea-d104-4ff5-8be6-e2af8bd29dc0', 'owner', 'e2589b20-b884-4379-806b-bc49309561c0', 1000);


--
-- Data for Name: team_members_usage_tracking; Type: TABLE DATA; Schema: public; Owner: postgres
--

INSERT INTO public.team_members_usage_tracking (id, period_end, period_start, team_id, created_at, deleted_at, updated_at, usage_count, user_id) VALUES ('722412e8-dd18-4547-b6f8-29bc83b2f39b', '2026-02-10 20:00:00', '2026-01-11 20:00:00', 'dd6d3514-4f70-4b66-9c2a-76785d72066a', '2026-01-12 20:15:09.28776', NULL, '2026-01-12 20:15:35.092', 2, '44b57acf-bc18-4dcd-a1dc-e73a2dbefca9');


--
-- Data for Name: user_accounts; Type: TABLE DATA; Schema: public; Owner: postgres
--

INSERT INTO public.user_accounts (id, created_at, deleted_at, updated_at, access_token, access_token_expires_at, account_id, id_token, password, provider_id, refresh_token, refresh_token_expires_at, scope, user_id) VALUES ('d4c33e9a-8daf-46ee-a882-b7db718b19a0', '2025-07-31 06:12:54.19691', NULL, NULL, NULL, NULL, 'f9de8a5a-8933-42f9-9561-020d9346a3c4', NULL, NULL, 'credential', NULL, NULL, NULL, 'f9de8a5a-8933-42f9-9561-020d9346a3c4');
INSERT INTO public.user_accounts (id, created_at, deleted_at, updated_at, access_token, access_token_expires_at, account_id, id_token, password, provider_id, refresh_token, refresh_token_expires_at, scope, user_id) VALUES ('5f719b82-9b74-4339-98c8-49d7a8e7e760', '2025-07-31 06:12:54.19691', NULL, NULL, NULL, NULL, '5af83d73-67b2-45c9-9c8b-41c20f282c4c', NULL, NULL, 'credential', NULL, NULL, NULL, '5af83d73-67b2-45c9-9c8b-41c20f282c4c');
INSERT INTO public.user_accounts (id, created_at, deleted_at, updated_at, access_token, access_token_expires_at, account_id, id_token, password, provider_id, refresh_token, refresh_token_expires_at, scope, user_id) VALUES ('939382df-da52-4279-ad2e-d32299a3f18f', '2025-07-31 06:12:54.19691', NULL, NULL, NULL, NULL, 'e2589b20-b884-4379-806b-bc49309561c0', NULL, NULL, 'credential', NULL, NULL, NULL, 'e2589b20-b884-4379-806b-bc49309561c0');
INSERT INTO public.user_accounts (id, created_at, deleted_at, updated_at, access_token, access_token_expires_at, account_id, id_token, password, provider_id, refresh_token, refresh_token_expires_at, scope, user_id) VALUES ('dae22a4e-3338-4601-a968-b510d9444ae1', '2025-07-31 06:12:54.19691', NULL, NULL, NULL, NULL, '44b57acf-bc18-4dcd-a1dc-e73a2dbefca9', NULL, 'ba1eb24ea66e7438364d597183ff16e3:dba86e50b1fccf1cd708191838c4c2b0938a7ef8d1fa672cbd38a2cb560bd8676ef130b250d2c003b95cb35accde34d512e31da953b5a23cabbc627f7c30621b', 'credential', NULL, NULL, NULL, '44b57acf-bc18-4dcd-a1dc-e73a2dbefca9');


--
-- Data for Name: user_activity_logs; Type: TABLE DATA; Schema: public; Owner: postgres
--



--
-- Data for Name: user_sessions; Type: TABLE DATA; Schema: public; Owner: postgres
--

INSERT INTO public.user_sessions (id, created_at, deleted_at, updated_at, active_organization_id, expires_at, ip_address, token, user_agent, user_id) VALUES ('3832fe3b-068b-4baa-b03d-ced2ac1f8bcf', '2025-07-31 06:20:21.385', NULL, '2025-07-31 06:20:21.385', 'dd6d3514-4f70-4b66-9c2a-76785d72066a', '2025-08-07 06:20:21.385+00', '', 'UrCU0To9k7YkX9kko0f0AOxmrrvwn6o1', 'Mozilla/5.0 (Windows NT 10.0; Win64; x64) AppleWebKit/537.36 (KHTML, like Gecko) Chrome/138.0.0.0 Safari/537.36', '44b57acf-bc18-4dcd-a1dc-e73a2dbefca9');
INSERT INTO public.user_sessions (id, created_at, deleted_at, updated_at, active_organization_id, expires_at, ip_address, token, user_agent, user_id) VALUES ('32ba996f-f9df-4769-a272-76024b428dce', '2025-07-31 07:57:41.744', NULL, '2025-08-06 07:50:06.1', 'dd6d3514-4f70-4b66-9c2a-76785d72066a', '2025-08-13 07:50:06.1+00', '', 'FliXvt13vcMhDGmPNfU6Y53rGsfTPrJg', 'Mozilla/5.0 (Windows NT 10.0; Win64; x64) AppleWebKit/537.36 (KHTML, like Gecko) Chrome/138.0.0.0 Safari/537.36', '44b57acf-bc18-4dcd-a1dc-e73a2dbefca9');
INSERT INTO public.user_sessions (id, created_at, deleted_at, updated_at, active_organization_id, expires_at, ip_address, token, user_agent, user_id) VALUES ('fc071882-43ba-4c3c-a3dc-a0153adcfbc1', '2025-08-14 10:53:11.316', NULL, '2025-08-21 06:24:19.896', 'dd6d3514-4f70-4b66-9c2a-76785d72066a', '2025-08-28 06:24:19.896+00', '', 'VtqcDkAlbg3Q4W14IZ58cLtbI8YodG6i', 'Mozilla/5.0 (Windows NT 10.0; Win64; x64) AppleWebKit/537.36 (KHTML, like Gecko) Chrome/139.0.0.0 Safari/537.36', '44b57acf-bc18-4dcd-a1dc-e73a2dbefca9');
INSERT INTO public.user_sessions (id, created_at, deleted_at, updated_at, active_organization_id, expires_at, ip_address, token, user_agent, user_id) VALUES ('b972b25e-373e-408c-a4e1-69e8b6088445', '2025-08-29 08:22:30.753', NULL, '2025-09-01 07:36:56.307', 'dd6d3514-4f70-4b66-9c2a-76785d72066a', '2025-09-08 07:36:56.307+00', '', 'F2sKOvXCY5a6mKZ7vHnbVjyOcjVcJ1uP', 'Mozilla/5.0 (Windows NT 10.0; Win64; x64) AppleWebKit/537.36 (KHTML, like Gecko) Chrome/139.0.0.0 Safari/537.36', '44b57acf-bc18-4dcd-a1dc-e73a2dbefca9');
INSERT INTO public.user_sessions (id, created_at, deleted_at, updated_at, active_organization_id, expires_at, ip_address, token, user_agent, user_id) VALUES ('4c1b3cd0-b68f-4091-ac40-909d61359dce', '2025-08-07 08:13:34.118', NULL, '2025-08-13 08:16:16.375', 'dd6d3514-4f70-4b66-9c2a-76785d72066a', '2025-08-20 08:16:16.375+00', '', 'uDgwMzjvhDoSA09g7tG3bDIIq5nrF4ux', 'Mozilla/5.0 (Windows NT 10.0; Win64; x64) AppleWebKit/537.36 (KHTML, like Gecko) Chrome/138.0.0.0 Safari/537.36', '44b57acf-bc18-4dcd-a1dc-e73a2dbefca9');
INSERT INTO public.user_sessions (id, created_at, deleted_at, updated_at, active_organization_id, expires_at, ip_address, token, user_agent, user_id) VALUES ('33583b44-cb0f-4fbf-9faa-1add600cdb0b', '2025-08-21 11:23:52.236', NULL, '2025-08-27 06:36:28.193', 'dd6d3514-4f70-4b66-9c2a-76785d72066a', '2025-09-03 06:36:28.193+00', '', 'fRZhnPBakxNrPEUzD7hDE0tvI0G7Igcc', 'Mozilla/5.0 (Windows NT 10.0; Win64; x64) AppleWebKit/537.36 (KHTML, like Gecko) Chrome/139.0.0.0 Safari/537.36', '44b57acf-bc18-4dcd-a1dc-e73a2dbefca9');
INSERT INTO public.user_sessions (id, created_at, deleted_at, updated_at, active_organization_id, expires_at, ip_address, token, user_agent, user_id) VALUES ('669bd375-8c49-42cb-89c9-bd158eda13b3', '2025-08-14 10:43:00.902', NULL, '2025-08-19 05:35:30.614', 'dd6d3514-4f70-4b66-9c2a-76785d72066a', '2025-08-26 05:35:30.614+00', '', '4TNpU0MOjFPVJC4cJeVO7vaA4w8wmgYq', 'Mozilla/5.0 (Windows NT 10.0; Win64; x64) AppleWebKit/537.36 (KHTML, like Gecko) Chrome/139.0.0.0 Safari/537.36', '44b57acf-bc18-4dcd-a1dc-e73a2dbefca9');
INSERT INTO public.user_sessions (id, created_at, deleted_at, updated_at, active_organization_id, expires_at, ip_address, token, user_agent, user_id) VALUES ('3b578ffa-80c2-4864-82a3-09bd6118a219', '2025-08-22 06:04:04.724', NULL, '2025-08-22 06:04:04.724', 'dd6d3514-4f70-4b66-9c2a-76785d72066a', '2025-08-29 06:04:04.722+00', '', 'mSmDQS10HjhbBeYwblgAQ55moALqUHfg', 'Mozilla/5.0 (Windows NT 10.0; Win64; x64) AppleWebKit/537.36 (KHTML, like Gecko) Chrome/139.0.0.0 Safari/537.36', '44b57acf-bc18-4dcd-a1dc-e73a2dbefca9');
INSERT INTO public.user_sessions (id, created_at, deleted_at, updated_at, active_organization_id, expires_at, ip_address, token, user_agent, user_id) VALUES ('f29bea07-df50-4da6-b138-1b10590c50b1', '2025-08-19 07:35:47.362', NULL, '2025-08-19 07:35:47.362', 'dd6d3514-4f70-4b66-9c2a-76785d72066a', '2025-08-26 07:35:47.362+00', '', 'BG6WTl3rWxoJ6vxv8v0h7Se4K01aVRmw', 'Mozilla/5.0 (Windows NT 10.0; Win64; x64) AppleWebKit/537.36 (KHTML, like Gecko) Chrome/139.0.0.0 Safari/537.36', '44b57acf-bc18-4dcd-a1dc-e73a2dbefca9');
INSERT INTO public.user_sessions (id, created_at, deleted_at, updated_at, active_organization_id, expires_at, ip_address, token, user_agent, user_id) VALUES ('ef354ff7-872e-432e-a56f-b345c2554e0b', '2026-01-12 18:50:19.185', NULL, '2026-01-12 18:50:19.185', 'dd6d3514-4f70-4b66-9c2a-76785d72066a', '2026-01-19 18:50:19.185+00', '', '6V7PlXroZW7XRrBtHJSrOdEYR2HZ3yTl', 'Mozilla/5.0 (Windows NT 10.0; Win64; x64) AppleWebKit/537.36 (KHTML, like Gecko) Chrome/143.0.0.0 Safari/537.36', '44b57acf-bc18-4dcd-a1dc-e73a2dbefca9');


--
-- Data for Name: user_verifications; Type: TABLE DATA; Schema: public; Owner: postgres
--

INSERT INTO public.user_verifications (id, created_at, deleted_at, updated_at, expires_at, identifier, value) VALUES ('3be0dbcd-d0ce-491d-be8c-8d2a2817f1ed', '2026-01-12 18:44:47.825', NULL, '2026-01-12 18:44:47.825', '2026-01-12 19:44:47.825', 'reset-password:mhzhDM0iN6Vqd8kov7MnAcdX', '44b57acf-bc18-4dcd-a1dc-e73a2dbefca9');


--
-- Data for Name: whatsapp_business_account_phone_numbers; Type: TABLE DATA; Schema: public; Owner: postgres
--

INSERT INTO public.whatsapp_business_account_phone_numbers (account_mode, certificate, code_verification_status, conversational_automation, display_phone_number, health_status, id, is_official_business_account, is_on_biz_app, is_pin_enabled, is_preverified_number, is_registered, last_onboard_time, messaging_limit_tier, name_status, new_certificate, new_name_status, platform_type, quality_rating, quality_score, search_visibility, status, team_id, throughput, verified_name, created_at, deleted_at, updated_at) VALUES (NULL, NULL, 'VERIFIED', NULL, '15557788614', NULL, 642212355649806, NULL, NULL, NULL, NULL, NULL, '2025-06-18T12:10:39+0000', NULL, NULL, NULL, NULL, 'NOT_APPLICABLE', 'UNKNOWN', NULL, NULL, NULL, '09478757-a229-4209-91a7-4d7a8c3202f1', '{"level": "NOT_APPLICABLE"}', 'Infinite Villas', '2025-06-18 12:10:45.762511', NULL, NULL);
INSERT INTO public.whatsapp_business_account_phone_numbers (account_mode, certificate, code_verification_status, conversational_automation, display_phone_number, health_status, id, is_official_business_account, is_on_biz_app, is_pin_enabled, is_preverified_number, is_registered, last_onboard_time, messaging_limit_tier, name_status, new_certificate, new_name_status, platform_type, quality_rating, quality_score, search_visibility, status, team_id, throughput, verified_name, created_at, deleted_at, updated_at) VALUES (NULL, NULL, 'VERIFIED', NULL, '15557442030', NULL, 692551050607855, NULL, NULL, true, NULL, true, '2025-06-18T12:12:34+0000', NULL, NULL, NULL, NULL, 'NOT_APPLICABLE', 'UNKNOWN', NULL, NULL, NULL, 'f89e95e0-e317-4e7b-a319-7b4755c6bb75', '{"level": "NOT_APPLICABLE"}', 'Ingenious Digital Marketing Management', '2025-06-18 12:12:40.770716', NULL, NULL);
INSERT INTO public.whatsapp_business_account_phone_numbers (account_mode, certificate, code_verification_status, conversational_automation, display_phone_number, health_status, id, is_official_business_account, is_on_biz_app, is_pin_enabled, is_preverified_number, is_registered, last_onboard_time, messaging_limit_tier, name_status, new_certificate, new_name_status, platform_type, quality_rating, quality_score, search_visibility, status, team_id, throughput, verified_name, created_at, deleted_at, updated_at) VALUES (NULL, NULL, 'EXPIRED', NULL, '+971 58 514 2884', NULL, 647580185100069, NULL, NULL, NULL, NULL, true, NULL, NULL, NULL, NULL, NULL, 'CLOUD_API', 'GREEN', NULL, NULL, NULL, 'dd6d3514-4f70-4b66-9c2a-76785d72066a', '{"level": "STANDARD"}', 'Ingenious App', '2025-06-26 08:28:46.250306', NULL, NULL);


--
-- Data for Name: whatsapp_business_accounts; Type: TABLE DATA; Schema: public; Owner: postgres
--

INSERT INTO public.whatsapp_business_accounts (auth_token, ad_account_id, auth_response, business_id, currency, id, name, owner_business_id, owner_business_name, phone_number_id, team_id, waba_id, created_at, deleted_at, updated_at) VALUES ('{"iv": "AmTppOu9wji5vuPO", "data": "KYrDe6RBzKzKZH/7+wSl27jR7Oh6iV86bu2cCqeXYRoexiGwtoIoNyzsCkHTw7o4A1ckZcqxcWZYbmoAH6TMemxNt9xaloZAXzEQ8hGlTW6maVrFb3/8KTtQLzFVRAGYyC4MS0qSJgoQsL4bnPuVhsVkKCHHwGsRBr1DChUK7g9WHaIKpaLsJ7UN0VjBUjV64h/TPbKY9YmhvT5WhaSS7+wab46UJ8DD3uTempdFdLRn5V31+7LVvedUv25Y2EEpVG+tXbDDalC5UGnD5GQHXcV1G89OBqyMfT3OywzHsGgEidYqLEJ647KNmPr1F/8K3ZkI2bPooa2vjsXfLryKucqT1DtRm4Brf9qKN+HzYGXURQQHuMA1GChQoQ8Y8IQPiG4Mf22JqlY="}', NULL, '{"iv": "52CIknorWYLQEShh", "data": "ge04E9jH8psNKm7rlOZGaL6WVK8lAlDogSAGa42xKbMXnAH9dUkroBJr+bzGk1x5f1W6jCBvv4LjC8YJT1V2OgpdBAaIEGzLj97B6MSAocx79byfqkYrQOkHi1Iu+eUQ47Epsc+P1Kv/z0H6HNb5kVaXFLwFHJzW6H6Wv0Bp2+BCK3VG1jY+E7W/bVALudZiyh+BLwoYNEmqXol6EZMEt1gA1lo87ljGgUnTf8q1Oi6OO+6/YO38kIXT191cskEc7JWC1dd5pIWGXK0yjTqWn9QtcIgDpxBvSV3ygORzDGBvduvr6qy/Kh2jxiRtegYr5PnELvb60LzEH+9B/ow1nQ+NJlddB90UsVIzLKMUw6dgj5eWM7Tja+Q0Ow98mA5i7nwWsqOZKm6UifwIDwxlDJqnnm4it1+nyDj1y352XhD/Siw54tljKRTmhYxZQN+dewRKhgskAqn6eBPIEHGvhkoxzdQWNma5VcNEmqN0cRPjAHYPLavuKZlxEoa6JNPVTwOKpT91a7BB8+ksgzOfrq1OM/IOHzhR0lklZoGsYGmmn0+IqQxb2g=="}', NULL, NULL, 1066148915478580, NULL, '1266517048813169', 'Infinite Villas', NULL, '09478757-a229-4209-91a7-4d7a8c3202f1', NULL, '2025-06-18 12:10:45.762511', NULL, NULL);
INSERT INTO public.whatsapp_business_accounts (auth_token, ad_account_id, auth_response, business_id, currency, id, name, owner_business_id, owner_business_name, phone_number_id, team_id, waba_id, created_at, deleted_at, updated_at) VALUES ('{"iv": "PzCiudLlUTuEgwTt", "data": "ewrLn8qCIVlBY3ZwMy9g8YDk3eaVZeuGS29r1Ldz5FQxFQg/kGSvzJm3V/17JtCADIDyKYyJyz7ewZnwWLU+c5YfE/7ZGBgaqvmvRxh9YOj2RZXfI3QMaG7r6/Xo980kLiDWwOmvg16A0QLNr7c+5M7s788YvVI+LO6sVfGxUHb8a5SvVw6aQDEz5Un8pv45eZfnQwyyootWIOFb7dA7DJ941oyWifdGRqBe8IKiE56eiSYkCnL2D+H65Pixl/cU3sBIZchaIDfRRUlw+rcDShFZfCxd2kmwTH3fUA=="}', NULL, '{"iv": "U9H4SpjOecdY5gbc", "data": "Vwt11P6L8nwcPzbN3qJ68HvXmGxzOr7Uux+ueeYZ0KFC6Ed1XjULojjXnl7fpdQ4y5mcd1SPwYRHFKvDcVxNz83jM0zwmohVEI/rPz96ESpYKUM6A/L54ayBYhbbbuEOk1U804KCqtS1Gh19J9y9z8ZNXBLREI1hQAHSUgvNPWfsALPTEapgWiJEy0METIWode/crCXnF3Y32elhdKUeN1go8JpIKnUpJhlPcrQ1CpD6uIw5xTZokmuOBJrHzjnvhYaZsnLOqw/4LMzmE+RN6dgueuc9v1VpPqXK64+99FfLHmZXcNgcy6+97yITv9cHGdw3LvcD34w0mUj07laaZ28MngcROcEvtT/94m7ZPfGT2wHin3T2XnT4H4ap0GQnCSyc6laVKYAJmi3zhxXeVe4zg4Gp/AV+aUlymjLflevQsZ+OhpqifXAj54iMqMCAsyZSRbCuSs+xCvfmxx85Zb4DW64Cph0n/z6NkQjA4G7ISV0cUugUz4WKFMxsRIMWvn3+u5s/0XMApw0Ajuc6UnzHcA=="}', NULL, NULL, 1071858914877569, NULL, '279490848280322', 'Ingenious Digital Marketing Management', NULL, 'f89e95e0-e317-4e7b-a319-7b4755c6bb75', NULL, '2025-06-18 12:12:40.770716', NULL, NULL);
INSERT INTO public.whatsapp_business_accounts (auth_token, ad_account_id, auth_response, business_id, currency, id, name, owner_business_id, owner_business_name, phone_number_id, team_id, waba_id, created_at, deleted_at, updated_at) VALUES ('{"iv": "PzCiudLlUTuEgwTt", "data": "ewrLn8qCIVlBY3ZwMy9g8YDk3eaVZeuGS29r1Ldz5FQxFQg/kGSvzJm3V/17JtCADIDyKYyJyz7ewZnwWLU+c5YfE/7ZGBgaqvmvRxh9YOj2RZXfI3QMaG7r6/Xo980kLiDWwOmvg16A0QLNr7c+5M7s788YvVI+LO6sVfGxUHb8a5SvVw6aQDEz5Un8pv45eZfnQwyyootWIOFb7dA7DJ941oyWifdGRqBe8IKiE56eiSYkCnL2D+H65Pixl/cU3sBIZchaIDfRRUlw+rcDShFZfCxd2kmwTH3fUA=="}', '698225195907162', NULL, NULL, NULL, 653940250616299, NULL, NULL, 'Ingenious Digital Marketing', NULL, 'dd6d3514-4f70-4b66-9c2a-76785d72066a', NULL, '2025-06-26 07:26:13.638838', NULL, NULL);


--
-- PostgreSQL database dump complete
--

\unrestrict qzkWFcxjU1znX30AipedB0b0XFlGBkO0hJpdcXn1iK3gkVTsMWNcUoQnT8U53ZD

